driver_id,Hour
002be0ffdc997bd5c50703158b7c2491,20
007f0389f9c7b03ef97098422f902e62,21
011e5c5dfc5c2c92501b8b24d47509bc,[19 20]
0152a2f305e71d26cc964f8d4411add9,23
01674381af7edd264113d4e6ed55ecda,8
0213f8b59219e32142711992ca4ec01f,22
021e5cd15ef0bb3ec20a12af99e142b3,17
0258e250ca195cc6258cbdc75aecd853,19
028b5a4dcd7f4924ebfabcf2e814c014,9
02d6a6b8a6da15fc219a9570f7ebbe78,10
02e440f6c209206375833cef02e0cbae,23
036f3d94e7c65e4e3574822d31c72656,7
039c5afbca8e03e4c18d9c8ea94140ac,21
039da9c077e17af98ca8530e4d7975f1,23
03f2b5c74cb89f39e58711699e76bf39,14
03f5278eb43475aa6790f5be32463755,8
0430df9a3eb327122c57ee3a64765000,17
04c4ffa5a385eab86fa7e422263d2999,8
04d686ef2fba281e395992a28f14fdd3,8
052bba06c5fc0bdea4bc2f9cb92b37c7,17
059ed570673c2d15ca11dd6b3a25513b,11
05addf442c147875efa5cf53453ad47b,21
05bad02e08c7f849e91dc1259da8b4ec,22
0656192a402808805282e60761bda088,1
06b1ba06e5505f8218ec8686498f990a,13
06c848ab3a7fc5421e82e98850a81710,15
07dd442e3e0b9f0f9b0d69c7b47cbb06,18
07e6a2fdaadc640cca9a7bec41351065,[21 22]
081d8ba3bc9a00a481df02bd9d0a4c53,13
0822973f3e812a68a867962dbbd37f5d,23
08a1491d6a804e0af969f08252ddbbd8,18
08b2b063cce8d02495c4b880293f153c,17
0938ed763cb3129ae63607aaf69daff5,16
0abc4faab8bbdf4d62412655fe0a2398,19
0afc0241296972b583debd7c5f5c707c,18
0b10af0ede0648dbe6ae05813c5cbf1b,23
0b631e16fa61f7321da18cf35a076d5f,8
0c02bd2b09f7193103279ab9b760b777,6
0ca501b2a1d72e80e0d0cd2c25bdd124,22
0d53c0441daccbb9022ccdcd2a58c7f7,19
0e7f0f05c7e193b1774c2e5713741cd4,21
0efa2b92642c1e6db77406bb3761baf4,18
0eff1404b137a5562642f0f706e59f25,18
0f057c0c73054f569a59a0880b91cbb0,15
0f346940b7c9dc770d408b1063ed2f81,22
100979abe35f7761f333bb7e63649767,11
10570128e114c22b855f1155b88fb379,19
10ab4d373b29fb6ee31ae2b7b39fc574,0
10d2c35bb4b440aa1eaf06d477ff27a6,8
1110d496149d3d8c50276765924df831,12
1127af601413f32c08e2a89447e5f3b9,20
113d6a61dd3bd21e5bc39bc19197f0f4,12
11506b81721ca68ef019764de3d8edbd,8
117ea72f13b43f0f4055b0472dcb6b1b,10
118be60e268514eb85f66ddb82bfa407,23
122972e7c73c944e744e6eca819d93e7,16
12933735316b452a5bc6a933d1a38124,20
133c19880625cbe91986ee3c402866cd,15
1340d44ca7946f4192cd80d8f47ce99b,18
14183e69946d782c92eb53b3c6eeb86f,8
148fb453d12992652b56d8bc2cfb1b78,22
156a150f1dbafbb01a786a5f45bdd7b6,22
15e0ade28a7d24026b2fe91ef528ddf5,21
162441a5f1b85a5c3780686296c3bc75,19
163b1ac215580e695280d8f94c687ef4,17
1674103b16c39ab56a76884b7c2ca83e,0
1682c469cb12aa06b06d93ab87c3836a,8
16cd1e08be52741e1516cade45ae7754,19
17235b165b78a09be9cd7f9abc1e833a,13
173a168d2b8830525f59be85a35f0000,22
175540c364f94b6adbc0ce3541a3254a,0
179ef343f855d34fa0262c720cdb9a52,1
180284a755fb939181db32b838fd0720,22
1805f90c5220ac830835df3309a76e78,18
181396b71a4723deaa02c3dd3ffa9041,[11 20 22]
183336ca67d3257c34cb80c9bd4dfb34,22
186d02f3ae489428440a352e3fe503a4,2
187a5227c531151abd112eef1d104301,18
19029e596b5c3e45cc6b3cca0640fa58,22
1925803c42c264e21fdcf0a35fbd2107,20
1936275dcb0942dc60a378839fae4730,13
1936720ce0900cbff6d9114328c84bee,22
1989ad384dd8ab8f43fd19822c36aeac,7
19daceea26aeb211cb8bf28c8497b6c2,17
19e1cdfeaf90239d8585e6a78136a403,19
1a2af09b492ba2519c5b4aec478642a7,18
1aee4c95edf898beee1a8b49a1f898b0,19
1b51afba3b72e0259db160170f824f95,10
1b9ddecea8eb99bc37f9b0711546f1c0,23
1c4312919166a0e7cefe6b3ddf1ec9c6,20
1c44fab20b7f0804c11d88dc0554edf4,16
1c6e8fbca23da68279d93b2de6eaa3d1,22
1c95fcac4de21d077072da1ea1705eb5,19
1cf95d6dd025d792340b623bcff18260,20
1d789a00290ec2e8a4ae1c704f671caf,7
1d7bc6daa163020694e2a5e636b96a0d,21
1d92784a09b1d1f85b05508e33261efb,21
1e836fdeba5bcacf45438c08bfcf4fa3,10
1e9570c1846c0f79c1ec103f608bc8ee,19
1eb30783865c10a8abc395e1b73bd578,20
1ed175c60fdf7380fefc804bf4dd75f3,19
1f83b77c681720ce48d33c21083c27e0,17
1f8e4a81c9da3260c84f14483319a338,12
20f5672c1b6a59b9d5ec09a34ad90e9b,12
215263f9135bdd22b0e41659046b150d,11
21eb2a893ddf647ee9d307d873a697b7,19
220d2d2a94c58c0f7ee7cb1864d5f0c5,19
2231ec7a993e7ce92f79588ccc405e21,10
225fb2558cee416b136c9c9231824580,22
22ca9510a0c0d97ba66750530ee0e914,[22 23]
22d43c4cd79a3cbab663d9eadd1e5995,8
23017e4c03d224c89b5e3a0550e1bd9f,7
236af2c3c395a20fd53696a5634abd7b,19
23f2a72a48ef9f44301dbcfd69f8b3f0,23
2422c0748699c412f9759b2897484061,21
24708f36edaf58e1c50b06720b536b45,8
2494554e7702a28816717bc0cbf7d57b,0
24b79c598cb070bf049057bd529d3c86,21
24f805c6313acfbc2250cbfd90268b24,22
25061f5683655c7cc6e503eb0383c96e,17
25827d13d5d988125ef4cc8a2ea3ddc1,18
258e3bc5c82e3f687b4e999bc598374e,9
2678d03ea513d10988818e77c5915b75,20
26dd952cf82f0d354e4007476748a1dc,18
26efe85697b050171e2ac92d11f75605,19
272fc17e9698d95dda029e15b5546534,14
274a1e97df854e1590ae812ca9ee5ac7,16
276f6a36e30c69076c4cab7970ade946,19
281274ed70a896744065199c58462f3d,16
28e4da66781b209cd9a299365a0dcab0,20
290c05b6d7e38c64bae2535b5d1d27f2,16
297e507cc9f1da096e51c2223657255b,8
299507a03373935d7a89a9fd6a6c0e46,22
29ca037d71b4a5934ae4528d050daeef,18
2a190f6b01dba26d00d3b644a268ba75,15
2a289b5c712e32bfb651b126cbe4e5bb,16
2a4afd4ab156dd0a6a0dc48bdf5d8db7,11
2aa41b072dc16081ebe60ad5b17f5a4c,20
2b1f99b4f3360623da8fdcd39828122e,19
2b4078909534095c15f578c588667bc9,20
2b77329ac116a3d1a5334c3fd54bd499,9
2ba51f9574a5c08327a718edada3e052,18
2ba60fe37b426385154d69d8eff687e1,21
2c130ea88372d326fb1a0719227627e3,19
2cc500616c927ce30d0bd1e87c699ef5,[16 17]
2d42e6d775b4399a56b71c2f3d6905ab,21
2d4c69afb7ac569a35a1c15fcecc1cb0,19
2da7874cc42c3c94f157bd3fd78369b6,18
2db4e5237ec8a271bd6269b5ddc9b422,8
2e4d5b1e1a62e56b3a8f887641379fe4,1
2e5d7b104b570a5cf450f6825880c9dc,17
2e882efad8288189f654defcd3dbcd64,22
2ebb15757eae00c4c491f569ca1a72a4,15
2ed0f3c071cdebf30186d2bf0a0c6151,18
2f29fdfd281552870b7f07152889e0fb,9
2f3773bd9dab0fa3e04c6f58dc0714a4,23
2f50e03ac03a920d1447b894643797f6,12
309320204754c3eeb2577949e870fe2d,19
30e91f4104a6b5b0450588d8febddd93,21
314d2be0d3461375f9e9ecf56b2b04ee,9
3155bb6b7fc081f2cccc4f50c9bea08e,21
31b451688ffc6f785c22bf74374507bc,21
329870cd7580c9efbc6b62073f89b90d,[21 22]
32b84f6d92b60badb7a8a6c47088151d,22
32d6b6b2ad34385519bd4492ce78eee4,17
336a98815390e16a5661d2570374d448,9
336c8ec2eb47bc1453b85ee78849038e,19
33b7762088cf5b82b8fe6fc291f93b6b,23
34699d5745d74c7076fd1ef051b795a9,17
3474d70dfe09a1d9545f436cd3f3136a,18
34784d7e4e1ee4869f10d9abeb4ad3fa,[18 20]
34c0cce7c3c34f9f6062b697637890b2,22
34e2c40d9d6f01ec4a0ffed4b032ec1e,8
3575446a7484516f5593add3ddd37451,17
35c3b0390b6f80657c53fb46b13f0a9e,15
35db61ddf8e29d55a2d355ed0f9166d8,9
35fa59db20f02b89264c5a97b94d7785,9
363f684a638dac345e67fbb78e492efc,8
367091701b7a57ef3e93c9fe2f6d3b3c,8
36de1e085fbd8f354dd3192571cece32,0
36df5bf5a89917fde3573e7c960c2097,13
370412f2a2747c1fdf8e807374c04a3d,21
370e9f95700973dd95508e2f39b2bd29,21
3777e15bb2eb838394a372e119d96462,18
3788dc9e91f1548816ce8b5af07ddadc,23
378f8bfcef6759b1e6b0e66b04424f54,13
37ac4f9379c836b08c9a6e2315fd66af,9
38510028b6d34d1b1339fa4e70783563,14
3857da988688981b67c878fc179eb0dc,1
387fb3e0e515f38826f70eb475a3bfb6,22
392e07cd00f38f357ae73795619fd0e3,9
392f50e58bee8a34399972bf0cb175d3,20
39a7bc235caf53556b15dd28ab5a7157,18
39eedffe18d7ec6c53741f9d46c7ab51,21
3a1d9fb7a8cfd55ae38d1b4fb1520d1f,19
3a52faf7577b389cbe9912652cbad33c,16
3af5c66b6800650cebac636822ac14c7,23
3b2dca5cc3db92a05ea35056887108b6,21
3b6ae24dc593e6609bf90a1b80630439,20
3b7f314bfe75abaa6718399d534ccf47,22
3b87648d266e62600ff719b691fd8562,18
3babf7dbd39edd11603dcd53e50dc050,19
3bfb185b9491beb56fc10b6212c6c9c2,20
3c69563a9561f995598ed81f1f5c331a,22
3caf85a7d6b8f5615fbc21e8310af584,21
3d2fa009a9f144706ad28ec9348f5960,8
3dad0a540eaab6fa876e4938d728efae,9
3dec7f876bb8b281df66b46469c79393,22
3e66ede2d283842c643b6b623d0ca168,21
3e8d06b82eb75b584564ce66217b3514,8
3f2ee0f16084bb99e8423807273c5816,9
3f62bb3b6a5ccddae37ff2fe3bfb3efd,9
3f79678c849eca6b438bb3d4bb59a5c6,19
3f82d353964869022a995e87b480a901,12
3fcdb7a637be76b45ad806d4f832c966,11
40061a1bbba0ff209c889094d24f6032,9
4008627b85a36afa46e22ecf513fc699,9
400daded5197f955191887cd567338ee,14
402ce9ac2db62fcb5fe29ba1d40566c7,21
4125bef57464803d018cacc1d3f08f74,20
415fbbda45a4a410e3122e3c992ace42,20
417055c67f5510da99ac623b02b87847,6
419eef26d8db5ccac04bf5d87af8059a,20
42256e33936dfa69088f540a720edc97,22
432754fe9722d008cd7328f34852de61,2
4343b3dc4ad77e98d38808b64003bee0,16
434adfc83c625f393595207cfff91ef2,23
440abd26a1c60ce02351bf1823d2d46d,23
44198b15df35d0827ebef271b6264727,19
443cf8f9119a8fc409780159c46d2de7,23
44509b1a5d4f1ad8350076d754ab1cb5,9
446b609957a142e8834dc88cebb7dee0,21
446ffe55730ace4059f02a4806018a08,8
44b7669c8f7ec8b8e592f150c7ee7fa2,19
44e9f61af64c2d25412a0f4532ada63c,18
455ec8a8532948fe2c5e308af37216a1,[8 9]
456467f01492ee1aeb7707de5c725f1c,22
459af73e5a9d360ff51cf284c571f01b,22
45ebd51300bd4bcc529a11a855827db4,19
46b9dc30efea1755f8ada69668793bf5,3
46da643aa47256fef0822a2f288e115b,0
46e1da1c7fe0602747beb9fe6bbaf037,23
46fcd24790c5eae35fa517051024bfe7,18
4705afcfaac4e4bd293f613e3b01598f,21
4713aa4cef966a678af02897a0e74043,22
4742b3f8432af0165e291edc6b8c5e53,1
479c3dccc06056867dd10c7d9fa0f569,7
47d53cd40685a32d936cbde7760eb434,18
48e49f85bb962b1f77ed152cc32dcd0a,18
490a37e876eb5d48f8e56e0d99461b04,16
4952bdd8850792b72466848cb4930f10,21
49803452ad1a68e87b448f5129276bc2,12
4a07b94db0ec6615f30ace6efd2a19cb,22
4aa585f63fbe04dcded4019662cc47f8,20
4af132c905d92d74454ca4934ee2450a,22
4af6c062ca397fd6b7bd2fb2a91e5964,21
4b52c260ac5817566e61009e4bd23329,10
4bcc817c8aba8c5569e370b238831e77,13
4c5f4c8887459671e65b68826fe750c3,18
4d10262d534bd366736dcabc8d37a3bb,22
4d1e99b879de5fa11e3f5423416f0497,18
4d40cd073132f01ccef7027f70890b6d,13
4dc7656f389d5cfcd38bf7870c1ce3e6,17
4dd633c46b8d78842b1e9dfb7f6a60e7,14
4e1fa948dc5295202fa8b7f8062b0d28,11
4e428667c6bb84323046e5647dfdfff0,17
4e83cce03deeca174a87faaa046a4750,16
4e9bcae1e2305fe1e6b215cb82833e97,9
4eb382d1f7d50fae1294964263d1ce82,22
4f06c1412e8f2c16c96abb053997112f,18
4f3187e47f035afbd77a00d4cd536d7f,21
50eadd94fd0152fd0638a915061c4c94,0
50ec87212107552181f769bdc522b63d,6
512ee3c7f8f9bfa6b7d3d824f5af228d,18
514da6a81ecbe7cd98fc71045c66aae1,0
5185567c0a5ec03eddbb003364c82b97,8
51a82cefe6d4e058ed392ea004572896,16
51b528390e8e7780595f6009b1f4cf72,13
52bc8ebc7db90d5b77453bf475677ebd,15
531a726b5b0c925a1aa24b5a9d5ac333,20
53e554eb940176c64fa8ee10a394f835,20
5420c76a41d255a40272c8f3c1f93c6a,7
5479187ed46c2c87abacde90f4d8ed6f,20
548a85a2fbb4986fd7a632566e8cb9c3,18
554a4f92c47ec3280d3ca64f5250b023,11
55bec90600d21bd3513366d218f2b2f2,23
55d70545197fd2c5cc68f14f3d5d6585,23
55d7b17732745057aff29fcd0ce13014,18
561593fc7dd18e6a78c6ad5e7eef0061,22
569271b82c506166a23ffcfbf6f854f2,4
56bda1ed3f3299ff6e8465398a498a5b,12
5718c878f7879770af94d41951431983,16
579967d1572ee95c66ffa1ca4077b61a,15
57c15602f0b088ce6b9e4f88edce149c,5
57c355d13a3bcfd36b3245d03f3f9d69,19
581129294fc7d1f43a4d1a372515dfaa,18
583740d998ccdf639276e797a6caa9df,15
585b09e7ee2164f95b134866f3f412fb,17
58d8c3038cd500e773aff605e28ce8a7,18
5943b68c2fa8bcfd0add30691fd9136b,22
5a22303ccd79309f5324acc7b0e751bf,20
5a4306be3d5e1d5481e9237d2d211cb6,8
5a880bc9cddbb3845438de87f859c360,18
5ae3c8ba3ae2b9230664674dadf8535a,18
5b33db9198566d3fcc5aa0bdeb435d2a,21
5bd37993cfff08be940348a466912238,9
5c00ecb439cd4e2377e9bb3de84b0e74,19
5cb230875b1a38b725085246444ffd0c,10
5ccc0e6dc9c7475caf785cdce7b8eb7a,20
5ceff5a3983505de6d021403c6975079,23
5cf93f7d1d3a8f0cf395c84053c31b1b,19
5cfe569d448c9a5e120ce15611e7c779,17
5cff9e4588a1d8b4b0fd703c4720421b,10
5dd7009f3d7f049d3e38b155ecd3a24e,21
5e37e705afb774452ab30d20b9561a0f,12
5e5bfc73736d6aa15ac33ea01d47e5ee,5
5e6bd3186b283c4e430332e1a3dd1b2e,8
5efe1190183936849880ece11b1ece77,12
5f34c8fc5bdd33f14bb71999b8286aef,20
5f946639378f9e31eee8b927dd743949,21
5fce375e4e5c673c29e652df1ac0b903,9
604097f005384ad20d982e7584f27c09,23
609970e669f2c55d69abc3cb117c47f6,22
60a524518de0ab4261b0e71ee7011d64,9
60f73dcab4a99269b597381b4958391f,10
619fb670865cb3e2583cc22fde1337f1,9
6241b9c147df1d0c7027321d4e1d53cf,21
62a95561a6b12acbf809772553ba1462,19
62aa54591b22be467c5a36356f96915b,14
62c83d1a137771a5c82433c8b3f7fddb,22
630559dc85053c746beafacbd590e8f0,0
633310975f38cbaf67eb5043b4c6c77c,19
6455eac21c029b8d93ff09c2dffcea35,22
646eba049df90f6bca2f51ce20004ac4,0
647bd8b8b02c285db177096a351f8e2c,12
64e245c2e3f5c7658bc062e9840c04dc,12
654c3e2ff69e4d6c9569212cbaf7af07,10
6580de4a0be125c140c30436c7c2c988,14
65b885fb53d0d952ed5be174c9c2d76d,21
65bacc9ccdbaf8341a7232d5cfdbb0bf,7
66290b00f9756a4c6808035244a4b9f6,17
6641cc5d8221699e7db3376fea5587ba,21
66f7bc876e24e26c5d71cb9a2a0e1222,23
67129f4eb32604d9e420da5bf6bb2469,16
671a36a580dd94c6a80d0dbe7fcaeabc,11
67771fd10458c38391b55774826e4c34,8
685a660507aba9066865ebfd62c48451,13
687ab6ec9da9f17ebd4d8665d1988e0f,9
689bdf87fb2de49f98bf4946cfaa5068,0
68a84d00f61c9fd6900cd12e662d43fa,17
68b546b2f4102641d6774c1ce4f57457,17
68c4e63e9663a4bd8d4e435601a26a37,19
691b99ebc7251c00edc12eab9232c0c4,20
699c387896f72e990239cbee1d81ff95,20
6a0b94ec26ca0805f971c293a9603887,22
6a190e3b2a68b2822a03fbd698f02604,21
6a464f9c764040d89517cb5ed9257953,21
6a4c652f46bc14c1c04eff3c67cabac0,14
6b0ba48a13c721f5fb766339a42d25f2,15
6b65c06851e944351dd285a1eb729499,17
6b941e22c8f9b2f159cce49fef9febff,13
6bc4ee6df691c3bed34c69aa93964ee9,11
6c0555804ebade45096a199f932e949e,22
6c1c6b6992a23fe80dc5377cba9cc2e4,18
6c5370105323176e4e88993943aa5b24,9
6c56118b534a5b446d1fd0eab7dc9b19,21
6c9d732cd0560af6e8939ac97bdd78d2,22
6cb35e276085548f3f095a85aa63af7b,17
6ccc2af7009dfea4572de788827ac5a1,19
6cdff0516a17236168522e0a270f4671,21
6db38fccb3ac1de3981b701eb5a15d84,17
6df6c8f8d3c2a93314245a604c02bed1,12
6e70c2024934874d052225a4466fb9c1,21
6eb2e0f41fc9f1fbb70e7751035fdf87,10
6eb562641c6e0074c14ac265153ccda6,17
6f107d977e357e3d22036cc447b354b0,22
6f660e81330d77df19d4e3fb14b18730,11
6f739a076d7ba8ca414334af995fc44c,16
6f9156b8af78f1e7f4ce971b50cacf29,14
6ff443616dd01da842095c0939394baf,13
7023bf0fa91bea71ae7bfa2481fb5b90,8
7062cc9432dba19f5b474be707a73525,13
706466935b9e1d04e4e116be7ce90ea9,21
71a4cd7ad9005409dc1bef838b488e6b,14
72118f61d16a22814cfe01fcffd0659f,22
72741692a0ac3fbd22820b0b278c4040,20
7287a688775698a457a560e1133aee0a,22
72ca99bb6667024a23e1f68904b06fd0,14
733e0653a13dd43c9b668b1825a2fecc,20
734e463e87289ed53edf3802a2cda9fe,8
7419cd5c573ff9994c0f8ff5d92b4408,22
7473815d8eb56f765461525f1bf48c93,12
7476a4cdfe6cb9587f03db358dff548f,9
7481015e6b377191f3b1531bc74e6908,21
74d1c00ab5098202337a91c936b6e080,10
74de6f7e57690a1687935227360edf7f,19
750b2b9e0f4caa4539c2553a4d04fb6b,17
7553628edc729ab03cedd3ded8de8736,16
758f6d309376d24b53da45e91cf778cd,9
7596061dc6e3a61ec35e0307bf423838,18
75d8798826340198f4fd204ed31336ed,12
75ff47d4ba4bd4480629671a666500ba,[17 19]
762db27fc4dd1e53dd4fa982ae2162b4,6
764289a2931fb70d1d27d5603d49edd2,[ 9 16]
766fea0c4f0b265fe9ac9e1e4ec64ad7,17
7708f393e874acbdd44bbf47c9a328e9,23
773555b1cf65c9fa882fd9f6c50f44d4,23
775a910a05bbc12a236ec64d4109c37b,19
7767360462c03c38f487f16f57b02e02,12
779747a77c043096f6428413f26d25dc,22
77c589b9398709f398778a0ff368e00e,15
785d6109caeb2f53c0628c37b20d91cb,18
787fafc34f07b372b60981ccdc4018eb,0
793e2072826ee96904a5f03ae2357e96,23
7960373dbd5c93b4a066b352fea600ee,20
798b4cc659c984e8353c7a4f90936df1,9
7a1fd3df8aa8197bdb3be8c5d4ffa92d,18
7abb5ee55c03357b69af929f51443bb0,1
7abb74e551c262a945929b92e0551b04,12
7ad917215da937eefdf48e3c9d3fcf26,21
7aee4951b59fcd1edda02bbecaa2a717,16
7b625f643d0775f0ac4898e33235377b,18
7b8eaf284addb604039c7e22d23c903f,21
7bb464563d0d43f7f894439d163f4ad3,[ 9 11]
7c1478b12207107ae4296e656a49d6f6,[13 14]
7c27405cefee2fad79a81a819ca9dbe1,8
7c4bcea05c14431c65ef1d9cfa20ecb1,13
7c64b8d49dd5fbe34f44a9b4bae0e7b4,22
7c8d33cc16246462e046ed084f7428a4,19
7d8627729a14175b1424153ba46d7acf,21
7da41cde0e0d0503549eeb7ca5609a9f,[18 19]
7dfa12ce1fc9cc58ec34fd66c75b106b,21
7e335469ce82f86c20d06b06ccfa1da1,18
7ee801015b6ba9dc0aa2687cb28b8361,19
7f4350f4a358ac264ccf3b10c4966afc,9
7f47fd2db9cfdc30fe46068ad017152b,13
7fc97bb967d4380b38e8490aceb85224,20
7fcca181f46acfa027ea83c7dc70afa9,19
7ff85c5c0e9324e28d1e0d0589c364bd,15
8046a7b32ff00f418c1bb410a67adf68,18
804ea124edb0d6694aa4a3c9eb22a716,22
80597153cf2bec000612ba2e45a72d91,11
80cb80668a3c444e3e8962d1c861b9d0,21
80f8e8eb5eac6dd41259ccc73993aff6,20
810c559baf6b5c20dca13b794fb36240,10
81fe057f033eeba6b1472a8fce5c1fdb,20
8224c23bca05c2adb3fdf40752eb1b3c,22
838495eb3f025e512228480eae127522,23
83a0efd007f4db8f0b7db5753d80fd87,22
83ae2db3b59285394e07063a7d0d0512,11
844d41532242b64d8f19774b6b7f1c82,9
844e9be5a30d8d9c1f8e9ddb086ff717,8
849726bb431c44a984e5f0f60923a0ff,9
84e1a98ccf46774bc4f5c6374079dc07,21
8506914d35a1146dd602b68a93b5be5a,22
850de9129410d40c2875418eb40858b9,7
85bfeb44e07b0d4e86c637353080289d,21
86a1dbd33d3ee6d68caa25966a2868a3,18
86f580ee80bb5a54e07595410d624108,19
876e3742e4165313e3be9ca7ff4e41b2,21
87b493b5ff1b807c2320801fcd16ac26,22
881527a718b502bacbd04b6f45fcc2fc,21
8902cda459f8ac02c38efb2815cf4026,17
895c14bfd7d1e2c26aee6938703f32f8,8
8969d175c4676642b245af55d2dba19b,2
89788880a732b675ba9cd9854adcf684,22
89b9947570bc59a6161fb5edea18b852,12
89dab1d9f815cea34ce3612a6b7c0d51,7
8a64fa582ad5ac3bce95a38756b1875c,21
8a7d9195606bdc9bd5305f6bb300e1de,7
8a86bdb56cb975c786e47cb256838ed6,22
8a965bfa0851de76169b3206709ca943,14
8b0662c4244f85c5dd7ab46810ca6b04,16
8b09ef45562214f00e7c11ed16d70dc8,22
8b688ef44a5b17bd7150350d059e67ea,11
8b87786b3a356550a4708f5ab3768792,8
8b9b73cd6d63023caa38dbd25c1042cd,18
8bda575d26a589024a4e62aeba352f93,6
8c0d55bf42d242ac86f43c4031d6371f,18
8c38fce0915fbb7d816e19c3ecda64fb,[ 0 21]
8c40d50720fcc5990329f7312d1ad327,9
8c9a890f19a0ab28b745246162e449d7,19
8cd308e28e213e46e87c9dd9c5aa1466,16
8d3740598109bb310e6244ecc1971a85,20
8d5a99f2032a336a57222948915edf09,16
8da0796b60fa75a5ced6d1c3bf1f3064,21
8dbfef11a650dd9658ca0c6f70b84f88,19
8dc9d28aa6ab0af5dcc98420a9bd65e0,19
8dfea9e24286290d2f59f5b51f00b6c2,21
8eb2f1fd0858319b86b9e44b64660eb6,8
8ef80bf59ceefb3fef9d41a5c66eff35,18
8f325f86996ff57a0006add6cb623e19,15
905f8007cd46415eba8b9dce088b4395,2
90a155db6f98de56ed6baaeccb5aafdd,17
91278ab4c7170ed070a5cd653cab3d26,23
914712bea449e20e1cd2e18c269481bf,22
915b7e1b8cdd0e1bf9826e8ae91706b4,19
922214b02f8dfbde50e8cdaa187dfd47,20
93337ec6e89c26ff280f490dc3eb9042,10
93587c4ead63454c615f4651e2841ba2,9
93fb5779620ce28dea9cb83cbb25ff9b,15
943db956d9c6ccf01435211d99568f15,22
944e9726e57e8c379049dba4bdabb05b,8
94699541835b03d2a18e265299c11213,9
94731f1d1f9180223445e77690aefc03,18
9494350df132e6748afca3bc5d138dcc,[ 6 21]
94ab22994e3ee32eb32f515563197296,14
956942174fc793c4bfb6fffc4b3c1c7b,18
95c1a153c7ec6b5623b8ef298010d2e9,9
962f9787bc5b8dd06dbc2147c39ae15b,22
96d7ab03f9156154f6f2144263a85579,15
97332a03726c052b1283fdd36dbdeca4,6
9760cb1c8a14d3fcf527631acabee35c,17
97c0a0888afa9dcadc73386abcacd350,20
9835cfed2c02bee16b5f0eeac3b4926a,6
9857a5bc59036a73f9261ea694bc002a,18
987c2e7dfc9a93697b8dfd030487ff01,9
987f45c1c19d83fcf3295828771c10f7,21
98a7f586f974550506502f52e47700f5,16
98a878a6fe557bf91236e6fc0413faba,19
99e05511bd051039630e0ee9d311afbc,21
99e15cb3381c646df2619a95cf805743,22
9a2b695c70ad62abcb4323d7e9a4b6cb,20
9a54684a69721c1075c2af5fc077665b,13
9ac5116c46dc8515c0aec6f7153c6440,8
9b665130b27de44f369a44b2cb752670,23
9b73a887dab36dc0a53f3308bc278a2e,22
9b7b9829183e266882d4815d95357a1a,14
9c0158ebe58592fdb3d18fb9c4623db7,23
9c5835247a252ab6275775341b502f4a,9
9c5a3250d9f6e6537b3b076b26ce16cb,20
9c67faa1ab5de24e6d9c60bf7705f658,1
9c8968198038d0ce08f8066275480e62,22
9cb8155c8eac12669e18a89a2971a8d1,19
9d59581a50c97cf28d30f80cc77dd76c,17
9da29e218f6be3ea257d35f98eee1088,9
9dc512e71a0f206687f60b8bfc405050,21
9ded5e80238ea1cb8e923d3f3b03ccd4,17
9e003a96a6aa5a9207530767c2a8b310,18
9e291e9ae23649f498e166278c16344a,19
9e5b47cd6f31b05e75e92a427230ebdc,9
9e9d4402b1038d103b3add7271d9b8ca,9
9ebbe10ae57214da77ecc43f6a84caf0,8
9f1b385dd82b5a43f98660a99747e3cc,21
9fa4b644d8b6ea510119808c37f22223,21
a0b52413e2eedcc5ca6f31d53ab1a96c,10
a12d788b7cd01f696bb5ebf28fa739cc,[ 0 23]
a1a2b1b116fad0bfb521da9cf92df2b5,9
a21d85d9c18b9589f82a618f0531ecac,21
a22aad223462e8196b76f259752ccee4,15
a2334fdb829cf96fbae920df0cce1587,23
a2bdf1915008a135e5ddaf8cf110adf9,19
a2f170312615f7d2d41b80da4d5d7a72,18
a324cc0a17ed8b72ef62b06a021224a2,23
a33de78c73e2b157118fc745e8c2214d,12
a3c39ee40d7bb0ab8e49efc44cb6735c,22
a3e28ae11607ad68dedbc2baff2210e2,9
a3e6503d6fd14f55f5a7a7e993c06c0b,22
a4401d3bb25a651812f6781fcce5df77,19
a4463e077e248abcd96b8ee584e7fec5,11
a533ee906b3e68bcd03e3e2888a844a8,20
a53de9ae055503d13bbcd6e19c5c311e,22
a5637a20ede3d6cb3be2d52d17d9174b,20
a60115fe0ec8c0e2d4fb8958a28567f6,20
a632e60ee41d9aab624a6b7fd6269976,[17 21]
a6505f04908e487e37c61c2a2a582eaf,11
a69bbe711400a8eaf17206a9d2b4f26a,8
a6fe0a06612bc9d9fd3f7dc1fd9615f0,21
a741036dcc0164fabc9155e11816f7c3,9
a746873c2f5431e9ac8e12c47a104115,1
a7638b7beea5715330ac956372522b07,22
a7ae2d9768b3eddb584395f2d984b3a2,18
a7fa04a6b4111cac92989ac266ec40d2,17
a84478867f4a6fb6450da1cb47458308,17
a854b4bcf206030120913620bc664396,17
a8bf411134a27779046e2f7ed3b2e1cf,9
a909251d04212c2b8d369aa619c13ddf,9
a95c73a18090636ec3a8033e8a6034c5,10
a9af04859e568ded6758279d805c56e8,7
a9dc82f0789aee809c81669dc768ced0,23
aab4ab866a771d21006a07cfff585eff,22
ab76a5e04d9126c2070bf84ac419f80e,[ 0 16 18]
abc63585621a8cc49099bc9dde677f27,20
ac3c378542ada7cfedc24720ef9e3273,17
ac51126328b559dd3872766d2455bba0,15
ac986e2a577103efe48b23cd17a4b6ed,18
acd5d321f5a7e35ccc3bf80a2c744c36,6
acd7dc6118befb6724aa3752d1cdbea1,21
ace64b24a38208dc0712bc65314027ac,23
acedcaee665d04c791bff1bf848af3a0,23
ad6a8aef632e7684c3b1e1e9dc0f7d23,22
add2977c3e55ba8475f60054a75a8b14,[ 9 10]
ae08f3a379c6069211342d448f74b606,15
aeda204ee39ccc79f22fe31ed73882ad,19
af39ba3a5cfaddc35f3c1f92bd860ca9,19
af452fac966efa9d089953c99045bb20,19
af4bae4a0b7a75194dbd4951c78bb98a,14
af74473d8f38c0c3e8cba5b72f747281,21
af8cad352c24bda90b2a5d07e1049181,1
afb63eff111f81c66cc01a5c9f64f2a2,7
afc352444f34fc17d988c3fdf916756b,18
afc7a3f83a5e5cc87136bceacceed8af,17
b0b60bc559f123caa41ae1e002243c3c,12
b13f722977cced9ee6d2ad25e8761583,23
b14d2355eb3b7daf6b07c44a31fb23d4,21
b1adb42b262bed41aeab28e9f6e93633,14
b2b3c6614a4a317bdfb7a57ae8a1687d,20
b2d3f2fb171a12cac427107690c10089,11
b508b23b0c53f5e3ee71562e531a3a25,9
b5275d250226cf29df0164d0f62d5ba7,19
b572ff3bea0c3095a3a5d24db765dd42,21
b5b10e1d4132c7c1155f88aa00b9a5c5,18
b5b1d33f7a438b13f85fcc46cc248578,22
b5d89a7f152103c9fc981e3990e9fc86,20
b66734bd849ac838a9c0830878837979,9
b66b0833b679faefba66e3f1b9eb579b,9
b6b8068eea005094bf1eeab9c35c9c11,21
b6c8c21a45ce574430158f6230d9e254,17
b6ec72d2f14dcc90a4e7fd25bd12e9a7,19
b75fb275f65a39b9ae038a7593d91fcb,22
b7b0b507d966d1e1735ecaaf0c3ed5b6,14
b7bd34f3d587ea950dabfd4ac7781f2f,21
b7de2b55859abf8fb49bf393a5a2816a,16
b7fbf53260861a5a9022b709abe4d584,19
b8df3a1ffca045016321353536ac86cf,17
b93ff367c79f79437eb5b70dc00a33bb,8
b972617c1e490250b2dbcd3353fd436b,[ 0 23]
b97fd5240666a3c3ded13df9f73ca71d,21
b9912d7f760895a9a5f9e046a70e7d8e,0
b9926f42a5fd6cc0c455fe59a21961ab,20
ba3a4161ca111c8a2d39a1f1bffd3557,8
ba5185bc3765e91878ea56a67f156acb,14
ba78525b3444a3714174f4734720996a,19
bb2984ebd891be82156fff038a85aafa,[21 22]
bb2993a27d213c0eefab695ef0214fa9,23
bc8249da3b109151438a85d49300dd0f,14
bd057e02f75c92917389d90bb215fe91,18
bd2433d45fc8dcd1c1d01d9c20ca357b,6
bd26a8a5910f6c87aed2fcce32782fae,6
bd2cf0eb59f96babbb13b724d8d77b12,20
bd34a715eef595600ffb4f683ca04e64,16
bd5cea890904311cd874773b13255406,13
bd9366761825d97d4c79c2c61638318b,17
bdca40c895def7985563060c5dcbd0ca,1
bde37c58877c64b6ce4b309dc2154bad,13
be22fe5992cb9557d7748113ea1f6057,3
be34f66b259b110d8908297419741202,9
bf0a8a6ddc179a9466082343c5862904,20
bf2693c5774a77e478e418119be97c5c,11
bf87c4b14479e823c1ce554606f6fdd6,17
c0640121b56458ccc0d2892067bc463b,4
c07499b5a6f1090f2fb263ec6ac0660c,0
c12c2eb875879488e687111335a12805,4
c1909690dc34d322b9483c10cb1a533a,9
c1d662bc81ade6c9a1ec161b3076b27e,17
c1e9b11fb4591a922e98ed4c46063b6a,19
c284230ecd0f82b79b99e8326bc62c6b,19
c468a648519cd42da75e6aa9dadf733e,15
c56b62b863a81370827e04d2c0a669a8,21
c5f1c362617932134aaf950f537061d4,10
c6ea9e05de9e221aed059ccc8ad5f6bb,22
c7de222dc1b99eddaa9a665687b94dc3,[8 9]
c7fa83cac784c0f6225cfe30bb96572b,15
c826130d392023b4c535431e2616e88b,10
c8932c12e8ac6691d5c7c27ba8ecb967,20
c8b0c99b2c6537769427fe4eec396e55,22
c8f03786f7e1b205a9d38722fc3651e6,22
c95b96b3d38fbf45da2bc43db49861c5,8
c95f5d4bedbea37cf208fc3e70e7e75e,21
c97e3d0c075030df5478bf3e679f97bd,20
c97fa24cacdc7b092c81d9556d4a3aab,22
c9b9fc54bf7c8edcbe35b1091f38cf0f,11
cacd66f64a54dca26e17f19a6344c369,18
cad3107b4ec2400c662cd8eab4e20026,22
cae89a5674ccf4bb1a78708926697f8b,19
cb5ecf234f7492c867bfa875a2c677b5,12
cbba49117a03fd2f578022eab904dced,18
cc2186bc2bd14948eb9b490d14fcd686,10
cc5b9b32417adab54115cc8eabc5695d,10
ccf0631bc6ad481b3d7becb69564f61b,21
cd970d2e7d3034e5946e71db0b4869c5,20
cdab4b0c1ece5d2bc1d671ef6bf21382,22
cdca9a75635698b016fdb75f95f561c0,18
cdfff0fd9f4511931eff58f549fffc12,22
ce577ac73e9022772835abf8d37e91d5,22
ce5b4b1624afd0dd514e8997a2a1ff1d,14
cea2a4389f823240e8dfbc3ea95e42f0,18
cf27028c2fe4a9fe00795d0d4dd23a18,22
cf6f95dab8e87ebc3405e8b6fc02137e,21
cfa62004631bfdbb0d9f842d69cc502d,14
cfa9233eafdbccac8d2a864b0df390d4,8
d093196b2758f39a4548faed9e365d89,16
d0f374c7d36c93ba0772626d4c4e6f7a,9
d1576672b9ddf17e405ad295e66048ba,18
d1b2185245eeac47821e98471c915947,10
d27b078b9f801a979bda2687ef91159a,19
d28f88b9d68ac9a2c0586728bdc91bcf,0
d2fe91351bb890ca8ea9b76201b05964,16
d3121b735af2bb94568c8070aaf05110,19
d31eded9263eab43f614eecc6a52a0f5,20
d42d0642a28cb2d7415bc7176fdfcb9c,19
d4867a7af060ee2a814c6be63b48473a,9
d499ea144d46d394e7ece7dc53e9fd41,19
d500e63eb4adbab2fb34140565ae4d20,16
d54674169d8b98851d54d79405c5d261,20
d60d9f944d86cc7539bb6b7a11646149,17
d6277e6596f855c87627312e947e4f9c,22
d6758947058995dbeeabc5e812c00cea,22
d787d7b7e3798edd7498b9cbd9b59206,17
d7ae05b007ca320a0d1fb128ccced638,17
d7e035984d4fba2d14bc37f1992a061f,8
d7ecbe31d65faefa7c5314baafd6c4ce,21
d876df0212e45f5a630b89f5a04532fa,17
d952de85df73349f0280fbb2345148ae,19
d967f5296732fa55266b5f1314e7447b,21
d9b4803fb9c57a061205f7376aed60a5,22
d9ef4b835e202c9b24315b999894362a,15
da3325f424c71942ca8a3401615a0e6c,9
da436a25d31e42fa12c800bacf3d8032,12
da8f13b0ebc53fe1147d982f087b5806,19
daddf0bdb8874309dd07bd9d91396166,1
dae249fc394c9bdf02f7d8bb1ff55733,0
db63522a6a88af9b817df48e3f6bad15,[ 8 19]
db9cf75a3edf5b1d38fdf560682cec48,9
dc39121d4440ef9d34bb2cfac0f1bf2f,9
dc5fe88ac0b99e77e8630795cfc16981,23
dc9a5809e396367a5a0767ac9226a64f,21
dca7c0d776c64df418bf3b63756927c2,21
dccfed81fccb496e10c26074253a1330,7
dddf432269175b67f5d9c55c3b36bdef,8
ddee9dcc776c7b87e68628ffa0f99dc7,16
ddf9fad53fff9a2f2ded181e1144b47f,0
de0746635475c2be3d26489184659460,1
de5fed97bda5c8aeca0d5c6a47f2deec,22
de9e048c789a0ddc487baae5929f51f9,19
ded0963ff2f6582b382b72de6f123a08,19
df11122e91571fcd91143da33fd3542a,11
df9ab418e87b21319bdfe389a4552e08,21
dfe29c1db80f470f4fa8046bc7e5d8a0,19
e02f0f208e1f02b7672ff2ed8bd1bcd3,10
e0449ff246754057062a6331c7a7b661,17
e0493acb44c53e68e3c3aca626cd466b,19
e065a88039052c0f4e552886fab4d99f,15
e08a1154c61bfa0adb7a029eed7df122,[ 6 19]
e0a98706329350c48ea450d1705bdd86,15
e0e3594e7d43742458a79799c7a5dd6c,18
e0e76adfaac64932530b49127890139c,8
e121472f6b4dd372dfceb87c7e30cbac,14
e1970a13e4fbb03fee21f66f7a97f5eb,22
e1b7e1ea030de78f88501a832cb007b2,11
e1d2df8059744cac678fbdc113e9e697,21
e225e4363d4ef824640866378d49a878,23
e246b5012a29db02ad24ce4b7e332b9b,15
e253f0cb570353173a73119dcc0e54d2,8
e26a411f427d8387e1244ece6053c940,4
e2dc374288c7edd10ce6647a8e6ae548,17
e31ae4a7e10b56e18f3f988fe48acbcb,5
e3306c36e5fe929405591869e0ee98d5,13
e33e7bd3f983ccbc3014e3689b1062f7,10
e35d490b495edf857a448653e036bd44,20
e38156350137c3a0df6b4b43c002ce0b,19
e4038e6006053cadf0bb2f8795e6c9eb,16
e4f3a9d5cf57b9b518136afd9757f76d,[20 21]
e58dab18de6e4134d8b232e57ce1d86e,17
e610084768b3d8313be3a7dd22e5e5e7,0
e61357801b8cc7a4b40cf736e6890972,20
e64f09e2fba9abd0daf0668bbcd7ae97,20
e67fc482899bea76fa32d6274607140d,20
e72a4e847306ddfd0540d630c79b33e4,21
e76529a86a5efc221a88a6c91a75ea59,22
e8b60c6f666907603bb5d70aa8cc6c80,19
e8d73d55baeb522ef8843cb54cd08df0,16
e8efeab7179493aca6effda3bf21833e,22
e91240606aaab23860bfba718c858d30,13
e9651415a968663e49b62c29e5d89137,19
ea1f8d9a6f34043a8e8a3f78dbda7f9a,19
eb48fcd046d9d869a6c6eccd90392480,9
ec1637dbd16bb38ec0b5a93c14373364,8
ec78920915122cbe500fcb475a8fb5d3,23
ec91bf40df64a813b83c67f46118de37,21
ed0c7d2a0d5f60d527c0c3643495ddca,19
ed1aeb39f5da7d42d10a92653319b951,23
edc891e47623366a2aaa2b1a32ae1fa1,16
edca8abe7dd3a699bde27f9241e73dda,20
ee8b2edb7ef82ae69ccc57bba1889a40,21
eeb00fe9de3e348006f6f7128e6cf4e3,20
eece82fe623b4bb335a9b9e20eb0ca54,[18 19]
eedb2d3b82cd4276804c339cae45fef4,14
eef12344364d2a2e1e2d581287cf9cd8,2
eef2e2ad223c5c824565b3d98086e7fc,19
ef3970fc96947901f21cb6dff853b8a8,18
ef3e90cd957439dcf1a2afcfc4b0cad7,21
f0124196d19be156b58f64700fdac7e0,18
f06398053a230bf914041eb897dc8d62,9
f0df79d10df44f18742682108b17f60a,22
f129b4923a3e5d5f676a592a8e4b7efd,18
f14169430d2a1ccb92266e8fb27b5bb7,17
f17cfca756365f6863a241ea96ab9f75,20
f193cf4d5de76b20688d759ea7c66312,19
f1a2419d56c2a09edf4030caeebeb5b6,13
f1b4411717c78f67380366c2a16a4d1e,19
f2a9db857bbd5fe385ed59d8f2e89621,7
f395649fb47860aebc4817c7a6ea90e6,20
f467b8de5a37d9a818c0cbb557089c55,15
f4b761ebd4f310f03e5e7f79b925ef4f,18
f54b6feed73d306d44d8fba250bafea8,21
f5efba2f8019f9eff955fa20312d0639,21
f696de645de36b56677457d2d3136524,20
f758703e18f588f2370783f8b779e664,16
f7858e1e354a9fa26b3055bc12a4ee5b,14
f86eb77e1cefe28e9f0e9d3775fae261,20
f91254f1c1b3112ef3464e477d23c9e8,23
f98673773627b4b8d152e2b168b85bb2,15
f9aa6d69d74e786544027a1ab3049f44,18
fac81ea6cbd540c89c7eee17e851a233,15
faebff3d5429ff2036c125a91df765c8,21
fb83fc6555a4f700fd92630d9fcb9cea,21
fb903879c556260ae2604ae0c45cb92a,22
fba8372d56b91b1bff7b71d970b5af58,11
fbe0433e5b1a3db9dc9d6ed21efc6148,23
fc3504d2efaaaa976a33b3c856927155,17
fc83b793850ea70d9e898afd0b3ef592,21
fd2130d0d215069168dc2f79c1f5ae44,23
fd39748ba122e84e9ac492e6fb7c7a05,19
fd831ca1d79ae5c6fc3a679a22e5b8cf,23
fda96e6cd3395dfae3e59cd4ac95f7d7,8
fdbee494c73577d5b1266d1fec5c6c9a,12
fde60697758e68d617f471e49f65db75,22
fdff1a7205bc3b9ab1dc5dc223782fc5,12
fe35f74209d1056dd315ddb17681203d,14
fe469488a23d4bdda47b83a659dcc103,23
fed19d671569afe8a2f9fa0953dd25ca,19
ff419a3476e21e269e340b5f1f05414e,11
ff714a67ba8c6a108261cd81e3b77f3a,8
fff482c704d36a1afe8b8978d5486283,13
fffecccc49436c5389075b13209f0dfa,9
ffff51a71f2f185ec5e97d59dbcd7a78,1
