driver_id,oldest_ride,latest_ride,retention_period,retention_int
002be0ffdc997bd5c50703158b7c2491,2016-03-29,2016-06-23,86 days 00:00:00.000000000,86
007f0389f9c7b03ef97098422f902e62,2016-03-29,2016-06-22,85 days 00:00:00.000000000,85
011e5c5dfc5c2c92501b8b24d47509bc,2016-04-05,2016-06-12,68 days 00:00:00.000000000,68
0152a2f305e71d26cc964f8d4411add9,2016-04-25,2016-06-26,62 days 00:00:00.000000000,62
01674381af7edd264113d4e6ed55ecda,2016-04-29,2016-06-24,56 days 00:00:00.000000000,56
0213f8b59219e32142711992ca4ec01f,2016-04-07,2016-05-07,30 days 00:00:00.000000000,30
021e5cd15ef0bb3ec20a12af99e142b3,2016-05-07,2016-06-25,49 days 00:00:00.000000000,49
0258e250ca195cc6258cbdc75aecd853,2016-04-26,2016-06-26,61 days 00:00:00.000000000,61
028b5a4dcd7f4924ebfabcf2e814c014,2016-05-06,2016-06-26,51 days 00:00:00.000000000,51
02d6a6b8a6da15fc219a9570f7ebbe78,2016-05-03,2016-06-23,51 days 00:00:00.000000000,51
02e440f6c209206375833cef02e0cbae,2016-03-31,2016-05-18,48 days 00:00:00.000000000,48
036f3d94e7c65e4e3574822d31c72656,2016-04-10,2016-06-24,75 days 00:00:00.000000000,75
039c5afbca8e03e4c18d9c8ea94140ac,2016-04-12,2016-06-12,61 days 00:00:00.000000000,61
039da9c077e17af98ca8530e4d7975f1,2016-05-04,2016-06-26,53 days 00:00:00.000000000,53
03f2b5c74cb89f39e58711699e76bf39,2016-04-10,2016-06-25,76 days 00:00:00.000000000,76
03f5278eb43475aa6790f5be32463755,2016-04-12,2016-06-24,73 days 00:00:00.000000000,73
0430df9a3eb327122c57ee3a64765000,2016-04-05,2016-04-13,8 days 00:00:00.000000000,8
04c4ffa5a385eab86fa7e422263d2999,2016-04-07,2016-05-07,30 days 00:00:00.000000000,30
04d686ef2fba281e395992a28f14fdd3,2016-05-14,2016-06-24,41 days 00:00:00.000000000,41
052bba06c5fc0bdea4bc2f9cb92b37c7,2016-04-15,2016-06-20,66 days 00:00:00.000000000,66
059ed570673c2d15ca11dd6b3a25513b,2016-05-12,2016-06-20,39 days 00:00:00.000000000,39
05addf442c147875efa5cf53453ad47b,2016-04-08,2016-06-26,79 days 00:00:00.000000000,79
05bad02e08c7f849e91dc1259da8b4ec,2016-05-12,2016-06-12,31 days 00:00:00.000000000,31
0656192a402808805282e60761bda088,2016-04-30,2016-06-26,57 days 00:00:00.000000000,57
06b1ba06e5505f8218ec8686498f990a,2016-05-11,2016-05-24,13 days 00:00:00.000000000,13
06c848ab3a7fc5421e82e98850a81710,2016-04-20,2016-06-26,67 days 00:00:00.000000000,67
07dd442e3e0b9f0f9b0d69c7b47cbb06,2016-04-08,2016-06-21,74 days 00:00:00.000000000,74
07e6a2fdaadc640cca9a7bec41351065,2016-05-14,2016-06-19,36 days 00:00:00.000000000,36
081d8ba3bc9a00a481df02bd9d0a4c53,2016-04-04,2016-06-24,81 days 00:00:00.000000000,81
0822973f3e812a68a867962dbbd37f5d,2016-05-08,2016-06-04,27 days 00:00:00.000000000,27
08a1491d6a804e0af969f08252ddbbd8,2016-04-16,2016-06-26,71 days 00:00:00.000000000,71
08b2b063cce8d02495c4b880293f153c,2016-04-20,2016-06-26,67 days 00:00:00.000000000,67
0938ed763cb3129ae63607aaf69daff5,2016-03-30,2016-06-25,87 days 00:00:00.000000000,87
0abc4faab8bbdf4d62412655fe0a2398,2016-05-03,2016-06-05,33 days 00:00:00.000000000,33
0afc0241296972b583debd7c5f5c707c,2016-04-05,2016-06-24,80 days 00:00:00.000000000,80
0b10af0ede0648dbe6ae05813c5cbf1b,2016-05-13,2016-06-10,28 days 00:00:00.000000000,28
0b631e16fa61f7321da18cf35a076d5f,2016-04-13,2016-06-26,74 days 00:00:00.000000000,74
0c02bd2b09f7193103279ab9b760b777,2016-03-29,2016-06-24,87 days 00:00:00.000000000,87
0ca501b2a1d72e80e0d0cd2c25bdd124,2016-04-21,2016-06-22,62 days 00:00:00.000000000,62
0d53c0441daccbb9022ccdcd2a58c7f7,2016-05-11,2016-06-23,43 days 00:00:00.000000000,43
0e7f0f05c7e193b1774c2e5713741cd4,2016-04-04,2016-06-26,83 days 00:00:00.000000000,83
0efa2b92642c1e6db77406bb3761baf4,2016-05-03,2016-06-26,54 days 00:00:00.000000000,54
0eff1404b137a5562642f0f706e59f25,2016-03-29,2016-04-20,22 days 00:00:00.000000000,22
0f057c0c73054f569a59a0880b91cbb0,2016-04-04,2016-06-25,82 days 00:00:00.000000000,82
0f346940b7c9dc770d408b1063ed2f81,2016-04-14,2016-06-22,69 days 00:00:00.000000000,69
100979abe35f7761f333bb7e63649767,2016-04-10,2016-06-25,76 days 00:00:00.000000000,76
10570128e114c22b855f1155b88fb379,2016-04-26,2016-06-24,59 days 00:00:00.000000000,59
10ab4d373b29fb6ee31ae2b7b39fc574,2016-05-14,2016-06-04,21 days 00:00:00.000000000,21
10d2c35bb4b440aa1eaf06d477ff27a6,2016-05-11,2016-06-07,27 days 00:00:00.000000000,27
1110d496149d3d8c50276765924df831,2016-03-31,2016-04-07,7 days 00:00:00.000000000,7
1127af601413f32c08e2a89447e5f3b9,2016-04-05,2016-06-25,81 days 00:00:00.000000000,81
113d6a61dd3bd21e5bc39bc19197f0f4,2016-04-05,2016-06-25,81 days 00:00:00.000000000,81
11506b81721ca68ef019764de3d8edbd,2016-04-22,2016-06-24,63 days 00:00:00.000000000,63
117ea72f13b43f0f4055b0472dcb6b1b,2016-04-25,2016-05-12,17 days 00:00:00.000000000,17
118be60e268514eb85f66ddb82bfa407,2016-05-11,2016-06-02,22 days 00:00:00.000000000,22
122972e7c73c944e744e6eca819d93e7,2016-04-24,2016-05-18,24 days 00:00:00.000000000,24
12933735316b452a5bc6a933d1a38124,2016-04-26,2016-06-26,61 days 00:00:00.000000000,61
133c19880625cbe91986ee3c402866cd,2016-04-28,2016-06-03,36 days 00:00:00.000000000,36
1340d44ca7946f4192cd80d8f47ce99b,2016-05-06,2016-06-26,51 days 00:00:00.000000000,51
14183e69946d782c92eb53b3c6eeb86f,2016-03-30,2016-06-17,79 days 00:00:00.000000000,79
148fb453d12992652b56d8bc2cfb1b78,2016-04-16,2016-06-01,46 days 00:00:00.000000000,46
156a150f1dbafbb01a786a5f45bdd7b6,2016-04-04,2016-05-01,27 days 00:00:00.000000000,27
15e0ade28a7d24026b2fe91ef528ddf5,2016-03-31,2016-06-26,87 days 00:00:00.000000000,87
162441a5f1b85a5c3780686296c3bc75,2016-04-18,2016-06-05,48 days 00:00:00.000000000,48
163b1ac215580e695280d8f94c687ef4,2016-04-18,2016-05-16,28 days 00:00:00.000000000,28
1674103b16c39ab56a76884b7c2ca83e,2016-04-18,2016-06-11,54 days 00:00:00.000000000,54
1682c469cb12aa06b06d93ab87c3836a,2016-04-20,2016-06-25,66 days 00:00:00.000000000,66
16cd1e08be52741e1516cade45ae7754,2016-05-05,2016-06-06,32 days 00:00:00.000000000,32
17235b165b78a09be9cd7f9abc1e833a,2016-04-07,2016-06-21,75 days 00:00:00.000000000,75
173a168d2b8830525f59be85a35f0000,2016-03-29,2016-04-15,17 days 00:00:00.000000000,17
175540c364f94b6adbc0ce3541a3254a,2016-05-14,2016-06-25,42 days 00:00:00.000000000,42
179ef343f855d34fa0262c720cdb9a52,2016-05-14,2016-05-17,3 days 00:00:00.000000000,3
17c09e7e39d8ab4bb4e035061d43ecdd,2016-04-07,2016-04-21,14 days 00:00:00.000000000,14
180284a755fb939181db32b838fd0720,2016-05-07,2016-06-23,47 days 00:00:00.000000000,47
1805f90c5220ac830835df3309a76e78,2016-04-04,2016-06-06,63 days 00:00:00.000000000,63
181396b71a4723deaa02c3dd3ffa9041,2016-04-06,2016-05-01,25 days 00:00:00.000000000,25
182a0089c24f844efcc4daa5a21eb895,2016-05-03,2016-05-31,28 days 00:00:00.000000000,28
183336ca67d3257c34cb80c9bd4dfb34,2016-04-19,2016-06-24,66 days 00:00:00.000000000,66
186d02f3ae489428440a352e3fe503a4,2016-05-06,2016-06-25,50 days 00:00:00.000000000,50
187a5227c531151abd112eef1d104301,2016-03-30,2016-06-21,83 days 00:00:00.000000000,83
19029e596b5c3e45cc6b3cca0640fa58,2016-05-02,2016-06-04,33 days 00:00:00.000000000,33
1925803c42c264e21fdcf0a35fbd2107,2016-04-16,2016-06-25,70 days 00:00:00.000000000,70
1936275dcb0942dc60a378839fae4730,2016-04-22,2016-06-25,64 days 00:00:00.000000000,64
1936720ce0900cbff6d9114328c84bee,2016-04-05,2016-06-07,63 days 00:00:00.000000000,63
1989ad384dd8ab8f43fd19822c36aeac,2016-03-31,2016-06-26,87 days 00:00:00.000000000,87
19daceea26aeb211cb8bf28c8497b6c2,2016-04-21,2016-06-26,66 days 00:00:00.000000000,66
19e1cdfeaf90239d8585e6a78136a403,2016-04-05,2016-06-26,82 days 00:00:00.000000000,82
1a2af09b492ba2519c5b4aec478642a7,2016-04-04,2016-06-26,83 days 00:00:00.000000000,83
1aee4c95edf898beee1a8b49a1f898b0,2016-04-05,2016-06-09,65 days 00:00:00.000000000,65
1b51afba3b72e0259db160170f824f95,2016-04-04,2016-06-18,75 days 00:00:00.000000000,75
1b9ddecea8eb99bc37f9b0711546f1c0,2016-04-20,2016-06-26,67 days 00:00:00.000000000,67
1c4312919166a0e7cefe6b3ddf1ec9c6,2016-05-13,2016-06-25,43 days 00:00:00.000000000,43
1c44fab20b7f0804c11d88dc0554edf4,2016-05-11,2016-06-08,28 days 00:00:00.000000000,28
1c6e8fbca23da68279d93b2de6eaa3d1,2016-05-01,2016-06-25,55 days 00:00:00.000000000,55
1c95fcac4de21d077072da1ea1705eb5,2016-04-20,2016-04-24,4 days 00:00:00.000000000,4
1cf95d6dd025d792340b623bcff18260,2016-04-11,2016-05-24,43 days 00:00:00.000000000,43
1d789a00290ec2e8a4ae1c704f671caf,2016-04-09,2016-06-24,76 days 00:00:00.000000000,76
1d7bc6daa163020694e2a5e636b96a0d,2016-04-20,2016-06-23,64 days 00:00:00.000000000,64
1d92784a09b1d1f85b05508e33261efb,2016-04-05,2016-06-23,79 days 00:00:00.000000000,79
1e836fdeba5bcacf45438c08bfcf4fa3,2016-04-26,2016-06-26,61 days 00:00:00.000000000,61
1e9570c1846c0f79c1ec103f608bc8ee,2016-05-14,2016-06-26,43 days 00:00:00.000000000,43
1eb30783865c10a8abc395e1b73bd578,2016-04-04,2016-05-02,28 days 00:00:00.000000000,28
1ed175c60fdf7380fefc804bf4dd75f3,2016-05-18,2016-06-25,38 days 00:00:00.000000000,38
1f83b77c681720ce48d33c21083c27e0,2016-04-13,2016-06-26,74 days 00:00:00.000000000,74
1f8e4a81c9da3260c84f14483319a338,2016-04-20,2016-06-03,44 days 00:00:00.000000000,44
20f5672c1b6a59b9d5ec09a34ad90e9b,2016-04-30,2016-06-10,41 days 00:00:00.000000000,41
215263f9135bdd22b0e41659046b150d,2016-04-13,2016-06-26,74 days 00:00:00.000000000,74
21eb2a893ddf647ee9d307d873a697b7,2016-05-11,2016-06-25,45 days 00:00:00.000000000,45
220d2d2a94c58c0f7ee7cb1864d5f0c5,2016-04-26,2016-06-26,61 days 00:00:00.000000000,61
2231ec7a993e7ce92f79588ccc405e21,2016-04-28,2016-06-16,49 days 00:00:00.000000000,49
225fb2558cee416b136c9c9231824580,2016-04-16,2016-06-24,69 days 00:00:00.000000000,69
22ca9510a0c0d97ba66750530ee0e914,2016-04-25,2016-06-25,61 days 00:00:00.000000000,61
22d43c4cd79a3cbab663d9eadd1e5995,2016-03-31,2016-06-26,87 days 00:00:00.000000000,87
23017e4c03d224c89b5e3a0550e1bd9f,2016-04-01,2016-06-26,86 days 00:00:00.000000000,86
236af2c3c395a20fd53696a5634abd7b,2016-03-31,2016-06-26,87 days 00:00:00.000000000,87
23f2a72a48ef9f44301dbcfd69f8b3f0,2016-04-20,2016-06-23,64 days 00:00:00.000000000,64
2422c0748699c412f9759b2897484061,2016-05-05,2016-06-25,51 days 00:00:00.000000000,51
24708f36edaf58e1c50b06720b536b45,2016-04-06,2016-06-25,80 days 00:00:00.000000000,80
2494554e7702a28816717bc0cbf7d57b,2016-05-02,2016-06-26,55 days 00:00:00.000000000,55
24b79c598cb070bf049057bd529d3c86,2016-04-05,2016-06-26,82 days 00:00:00.000000000,82
24f805c6313acfbc2250cbfd90268b24,2016-04-16,2016-06-26,71 days 00:00:00.000000000,71
25061f5683655c7cc6e503eb0383c96e,2016-04-14,2016-06-21,68 days 00:00:00.000000000,68
25827d13d5d988125ef4cc8a2ea3ddc1,2016-05-09,2016-06-21,43 days 00:00:00.000000000,43
258e3bc5c82e3f687b4e999bc598374e,2016-04-29,2016-06-23,55 days 00:00:00.000000000,55
2678d03ea513d10988818e77c5915b75,2016-04-20,2016-06-26,67 days 00:00:00.000000000,67
26dd952cf82f0d354e4007476748a1dc,2016-03-31,2016-06-26,87 days 00:00:00.000000000,87
26efe85697b050171e2ac92d11f75605,2016-03-29,2016-06-23,86 days 00:00:00.000000000,86
2715aa38740fc559be08fd54dccd1803,2016-04-01,2016-06-25,85 days 00:00:00.000000000,85
272fc17e9698d95dda029e15b5546534,2016-04-07,2016-06-26,80 days 00:00:00.000000000,80
274a1e97df854e1590ae812ca9ee5ac7,2016-04-02,2016-06-26,85 days 00:00:00.000000000,85
276f6a36e30c69076c4cab7970ade946,2016-05-13,2016-05-22,9 days 00:00:00.000000000,9
281274ed70a896744065199c58462f3d,2016-04-07,2016-05-06,29 days 00:00:00.000000000,29
28e4da66781b209cd9a299365a0dcab0,2016-04-21,2016-06-06,46 days 00:00:00.000000000,46
290c05b6d7e38c64bae2535b5d1d27f2,2016-04-15,2016-06-26,72 days 00:00:00.000000000,72
297e507cc9f1da096e51c2223657255b,2016-05-07,2016-06-26,50 days 00:00:00.000000000,50
299507a03373935d7a89a9fd6a6c0e46,2016-04-11,2016-06-25,75 days 00:00:00.000000000,75
29ca037d71b4a5934ae4528d050daeef,2016-04-13,2016-06-24,72 days 00:00:00.000000000,72
2a190f6b01dba26d00d3b644a268ba75,2016-04-08,2016-06-24,77 days 00:00:00.000000000,77
2a289b5c712e32bfb651b126cbe4e5bb,2016-04-05,2016-06-22,78 days 00:00:00.000000000,78
2a4afd4ab156dd0a6a0dc48bdf5d8db7,2016-05-07,2016-06-13,37 days 00:00:00.000000000,37
2aa41b072dc16081ebe60ad5b17f5a4c,2016-04-08,2016-06-26,79 days 00:00:00.000000000,79
2b1f99b4f3360623da8fdcd39828122e,2016-04-12,2016-06-18,67 days 00:00:00.000000000,67
2b4078909534095c15f578c588667bc9,2016-05-03,2016-05-11,8 days 00:00:00.000000000,8
2b77329ac116a3d1a5334c3fd54bd499,2016-03-29,2016-06-25,88 days 00:00:00.000000000,88
2ba51f9574a5c08327a718edada3e052,2016-04-26,2016-05-14,18 days 00:00:00.000000000,18
2ba60fe37b426385154d69d8eff687e1,2016-04-25,2016-06-03,39 days 00:00:00.000000000,39
2c130ea88372d326fb1a0719227627e3,2016-04-23,2016-06-18,56 days 00:00:00.000000000,56
2cc500616c927ce30d0bd1e87c699ef5,2016-04-06,2016-06-08,63 days 00:00:00.000000000,63
2d42e6d775b4399a56b71c2f3d6905ab,2016-03-29,2016-06-24,87 days 00:00:00.000000000,87
2d4c69afb7ac569a35a1c15fcecc1cb0,2016-04-14,2016-06-26,73 days 00:00:00.000000000,73
2da7874cc42c3c94f157bd3fd78369b6,2016-03-29,2016-06-19,82 days 00:00:00.000000000,82
2db4e5237ec8a271bd6269b5ddc9b422,2016-04-22,2016-06-25,64 days 00:00:00.000000000,64
2e4d5b1e1a62e56b3a8f887641379fe4,2016-04-09,2016-06-26,78 days 00:00:00.000000000,78
2e5d7b104b570a5cf450f6825880c9dc,2016-05-15,2016-06-25,41 days 00:00:00.000000000,41
2e882efad8288189f654defcd3dbcd64,2016-04-24,2016-06-26,63 days 00:00:00.000000000,63
2ebb15757eae00c4c491f569ca1a72a4,2016-04-01,2016-06-13,73 days 00:00:00.000000000,73
2ed0f3c071cdebf30186d2bf0a0c6151,2016-04-07,2016-06-26,80 days 00:00:00.000000000,80
2f29fdfd281552870b7f07152889e0fb,2016-04-04,2016-06-25,82 days 00:00:00.000000000,82
2f3773bd9dab0fa3e04c6f58dc0714a4,2016-04-22,2016-06-22,61 days 00:00:00.000000000,61
2f50e03ac03a920d1447b894643797f6,2016-04-08,2016-05-13,35 days 00:00:00.000000000,35
309320204754c3eeb2577949e870fe2d,2016-04-06,2016-06-23,78 days 00:00:00.000000000,78
30e91f4104a6b5b0450588d8febddd93,2016-05-05,2016-06-22,48 days 00:00:00.000000000,48
314d2be0d3461375f9e9ecf56b2b04ee,2016-04-29,2016-05-12,13 days 00:00:00.000000000,13
3155bb6b7fc081f2cccc4f50c9bea08e,2016-04-11,2016-06-26,76 days 00:00:00.000000000,76
31b451688ffc6f785c22bf74374507bc,2016-04-27,2016-05-01,4 days 00:00:00.000000000,4
329870cd7580c9efbc6b62073f89b90d,2016-04-24,2016-06-17,54 days 00:00:00.000000000,54
32b84f6d92b60badb7a8a6c47088151d,2016-04-14,2016-05-21,37 days 00:00:00.000000000,37
32d6b6b2ad34385519bd4492ce78eee4,2016-04-07,2016-05-12,35 days 00:00:00.000000000,35
336a98815390e16a5661d2570374d448,2016-03-31,2016-06-25,86 days 00:00:00.000000000,86
336c8ec2eb47bc1453b85ee78849038e,2016-04-29,2016-06-08,40 days 00:00:00.000000000,40
33b7762088cf5b82b8fe6fc291f93b6b,2016-04-15,2016-04-23,8 days 00:00:00.000000000,8
34699d5745d74c7076fd1ef051b795a9,2016-04-28,2016-05-26,28 days 00:00:00.000000000,28
3474d70dfe09a1d9545f436cd3f3136a,2016-05-13,2016-06-10,28 days 00:00:00.000000000,28
34784d7e4e1ee4869f10d9abeb4ad3fa,2016-04-23,2016-06-26,64 days 00:00:00.000000000,64
34c0cce7c3c34f9f6062b697637890b2,2016-05-11,2016-06-26,46 days 00:00:00.000000000,46
34e2c40d9d6f01ec4a0ffed4b032ec1e,2016-04-29,2016-06-24,56 days 00:00:00.000000000,56
3575446a7484516f5593add3ddd37451,2016-04-04,2016-06-13,70 days 00:00:00.000000000,70
35c3b0390b6f80657c53fb46b13f0a9e,2016-05-13,2016-06-23,41 days 00:00:00.000000000,41
35db61ddf8e29d55a2d355ed0f9166d8,2016-04-04,2016-06-25,82 days 00:00:00.000000000,82
35fa59db20f02b89264c5a97b94d7785,2016-04-19,2016-06-17,59 days 00:00:00.000000000,59
363f684a638dac345e67fbb78e492efc,2016-04-29,2016-06-23,55 days 00:00:00.000000000,55
367091701b7a57ef3e93c9fe2f6d3b3c,2016-04-25,2016-06-03,39 days 00:00:00.000000000,39
36de1e085fbd8f354dd3192571cece32,2016-04-19,2016-06-26,68 days 00:00:00.000000000,68
36df5bf5a89917fde3573e7c960c2097,2016-04-27,2016-06-25,59 days 00:00:00.000000000,59
370412f2a2747c1fdf8e807374c04a3d,2016-04-17,2016-06-26,70 days 00:00:00.000000000,70
370e9f95700973dd95508e2f39b2bd29,2016-04-22,2016-05-12,20 days 00:00:00.000000000,20
3777e15bb2eb838394a372e119d96462,2016-04-04,2016-06-13,70 days 00:00:00.000000000,70
3788dc9e91f1548816ce8b5af07ddadc,2016-04-26,2016-06-26,61 days 00:00:00.000000000,61
378f8bfcef6759b1e6b0e66b04424f54,2016-04-02,2016-06-25,84 days 00:00:00.000000000,84
37ac4f9379c836b08c9a6e2315fd66af,2016-04-07,2016-05-27,50 days 00:00:00.000000000,50
38510028b6d34d1b1339fa4e70783563,2016-04-17,2016-06-26,70 days 00:00:00.000000000,70
3857da988688981b67c878fc179eb0dc,2016-04-23,2016-06-26,64 days 00:00:00.000000000,64
387fb3e0e515f38826f70eb475a3bfb6,2016-04-16,2016-06-26,71 days 00:00:00.000000000,71
392e07cd00f38f357ae73795619fd0e3,2016-04-27,2016-06-26,60 days 00:00:00.000000000,60
392f50e58bee8a34399972bf0cb175d3,2016-04-30,2016-06-09,40 days 00:00:00.000000000,40
39a7bc235caf53556b15dd28ab5a7157,2016-05-02,2016-06-26,55 days 00:00:00.000000000,55
39eedffe18d7ec6c53741f9d46c7ab51,2016-04-22,2016-06-17,56 days 00:00:00.000000000,56
3a1d9fb7a8cfd55ae38d1b4fb1520d1f,2016-05-02,2016-06-13,42 days 00:00:00.000000000,42
3a52faf7577b389cbe9912652cbad33c,2016-03-30,2016-06-26,88 days 00:00:00.000000000,88
3af5c66b6800650cebac636822ac14c7,2016-04-25,2016-06-26,62 days 00:00:00.000000000,62
3b2dca5cc3db92a05ea35056887108b6,2016-04-04,2016-04-09,5 days 00:00:00.000000000,5
3b6ae24dc593e6609bf90a1b80630439,2016-04-21,2016-05-12,21 days 00:00:00.000000000,21
3b7f314bfe75abaa6718399d534ccf47,2016-04-01,2016-06-26,86 days 00:00:00.000000000,86
3b87648d266e62600ff719b691fd8562,2016-04-14,2016-06-24,71 days 00:00:00.000000000,71
3babf7dbd39edd11603dcd53e50dc050,2016-05-13,2016-06-16,34 days 00:00:00.000000000,34
3bfb185b9491beb56fc10b6212c6c9c2,2016-04-07,2016-06-26,80 days 00:00:00.000000000,80
3c69563a9561f995598ed81f1f5c331a,2016-04-14,2016-06-26,73 days 00:00:00.000000000,73
3caf85a7d6b8f5615fbc21e8310af584,2016-04-29,2016-06-26,58 days 00:00:00.000000000,58
3d2fa009a9f144706ad28ec9348f5960,2016-04-05,2016-06-26,82 days 00:00:00.000000000,82
3dad0a540eaab6fa876e4938d728efae,2016-04-15,2016-06-26,72 days 00:00:00.000000000,72
3dec7f876bb8b281df66b46469c79393,2016-04-14,2016-06-26,73 days 00:00:00.000000000,73
3e66ede2d283842c643b6b623d0ca168,2016-05-14,2016-06-20,37 days 00:00:00.000000000,37
3e8d06b82eb75b584564ce66217b3514,2016-05-07,2016-06-10,34 days 00:00:00.000000000,34
3f2ee0f16084bb99e8423807273c5816,2016-05-04,2016-06-23,50 days 00:00:00.000000000,50
3f62bb3b6a5ccddae37ff2fe3bfb3efd,2016-05-12,2016-06-26,45 days 00:00:00.000000000,45
3f79678c849eca6b438bb3d4bb59a5c6,2016-04-01,2016-06-24,84 days 00:00:00.000000000,84
3f82d353964869022a995e87b480a901,2016-04-05,2016-06-26,82 days 00:00:00.000000000,82
3fcdb7a637be76b45ad806d4f832c966,2016-04-18,2016-06-23,66 days 00:00:00.000000000,66
40061a1bbba0ff209c889094d24f6032,2016-03-30,2016-06-26,88 days 00:00:00.000000000,88
4008627b85a36afa46e22ecf513fc699,2016-05-09,2016-06-24,46 days 00:00:00.000000000,46
400daded5197f955191887cd567338ee,2016-04-15,2016-05-14,29 days 00:00:00.000000000,29
402ce9ac2db62fcb5fe29ba1d40566c7,2016-04-08,2016-06-24,77 days 00:00:00.000000000,77
4125bef57464803d018cacc1d3f08f74,2016-04-29,2016-06-24,56 days 00:00:00.000000000,56
415fbbda45a4a410e3122e3c992ace42,2016-05-01,2016-06-26,56 days 00:00:00.000000000,56
417055c67f5510da99ac623b02b87847,2016-05-01,2016-05-05,4 days 00:00:00.000000000,4
419eef26d8db5ccac04bf5d87af8059a,2016-04-26,2016-06-16,51 days 00:00:00.000000000,51
42256e33936dfa69088f540a720edc97,2016-04-23,2016-05-15,22 days 00:00:00.000000000,22
432754fe9722d008cd7328f34852de61,2016-04-01,2016-05-03,32 days 00:00:00.000000000,32
4343b3dc4ad77e98d38808b64003bee0,2016-04-21,2016-06-13,53 days 00:00:00.000000000,53
434adfc83c625f393595207cfff91ef2,2016-05-09,2016-06-26,48 days 00:00:00.000000000,48
440abd26a1c60ce02351bf1823d2d46d,2016-04-13,2016-06-26,74 days 00:00:00.000000000,74
44198b15df35d0827ebef271b6264727,2016-04-15,2016-06-19,65 days 00:00:00.000000000,65
443cf8f9119a8fc409780159c46d2de7,2016-04-10,2016-06-26,77 days 00:00:00.000000000,77
44509b1a5d4f1ad8350076d754ab1cb5,2016-04-06,2016-06-24,79 days 00:00:00.000000000,79
446b609957a142e8834dc88cebb7dee0,2016-05-08,2016-06-24,47 days 00:00:00.000000000,47
446ffe55730ace4059f02a4806018a08,2016-04-22,2016-06-23,62 days 00:00:00.000000000,62
44b7669c8f7ec8b8e592f150c7ee7fa2,2016-04-06,2016-06-26,81 days 00:00:00.000000000,81
44e9f61af64c2d25412a0f4532ada63c,2016-04-15,2016-04-28,13 days 00:00:00.000000000,13
455ec8a8532948fe2c5e308af37216a1,2016-04-15,2016-05-14,29 days 00:00:00.000000000,29
456467f01492ee1aeb7707de5c725f1c,2016-04-21,2016-06-26,66 days 00:00:00.000000000,66
459af73e5a9d360ff51cf284c571f01b,2016-05-03,2016-05-22,19 days 00:00:00.000000000,19
45ebd51300bd4bcc529a11a855827db4,2016-04-16,2016-06-20,65 days 00:00:00.000000000,65
46b9dc30efea1755f8ada69668793bf5,2016-04-12,2016-05-15,33 days 00:00:00.000000000,33
46da643aa47256fef0822a2f288e115b,2016-05-06,2016-06-26,51 days 00:00:00.000000000,51
46e1da1c7fe0602747beb9fe6bbaf037,2016-04-12,2016-06-11,60 days 00:00:00.000000000,60
46fcd24790c5eae35fa517051024bfe7,2016-04-11,2016-05-29,48 days 00:00:00.000000000,48
4705afcfaac4e4bd293f613e3b01598f,2016-04-26,2016-06-26,61 days 00:00:00.000000000,61
4713aa4cef966a678af02897a0e74043,2016-05-08,2016-06-26,49 days 00:00:00.000000000,49
4742b3f8432af0165e291edc6b8c5e53,2016-04-29,2016-06-08,40 days 00:00:00.000000000,40
479c3dccc06056867dd10c7d9fa0f569,2016-03-28,2016-06-25,89 days 00:00:00.000000000,89
47d53cd40685a32d936cbde7760eb434,2016-04-12,2016-06-26,75 days 00:00:00.000000000,75
48e49f85bb962b1f77ed152cc32dcd0a,2016-04-29,2016-06-26,58 days 00:00:00.000000000,58
490a37e876eb5d48f8e56e0d99461b04,2016-04-29,2016-06-20,52 days 00:00:00.000000000,52
4952bdd8850792b72466848cb4930f10,2016-04-20,2016-06-10,51 days 00:00:00.000000000,51
49803452ad1a68e87b448f5129276bc2,2016-04-21,2016-06-26,66 days 00:00:00.000000000,66
4a07b94db0ec6615f30ace6efd2a19cb,2016-04-28,2016-06-26,59 days 00:00:00.000000000,59
4aa585f63fbe04dcded4019662cc47f8,2016-04-22,2016-05-15,23 days 00:00:00.000000000,23
4af132c905d92d74454ca4934ee2450a,2016-04-14,2016-06-26,73 days 00:00:00.000000000,73
4af6c062ca397fd6b7bd2fb2a91e5964,2016-05-12,2016-06-18,37 days 00:00:00.000000000,37
4b52c260ac5817566e61009e4bd23329,2016-04-28,2016-06-23,56 days 00:00:00.000000000,56
4bcc817c8aba8c5569e370b238831e77,2016-05-10,2016-06-18,39 days 00:00:00.000000000,39
4c5f4c8887459671e65b68826fe750c3,2016-04-17,2016-06-26,70 days 00:00:00.000000000,70
4d10262d534bd366736dcabc8d37a3bb,2016-04-13,2016-06-12,60 days 00:00:00.000000000,60
4d1e99b879de5fa11e3f5423416f0497,2016-03-31,2016-05-06,36 days 00:00:00.000000000,36
4d40cd073132f01ccef7027f70890b6d,2016-05-04,2016-06-26,53 days 00:00:00.000000000,53
4dc7656f389d5cfcd38bf7870c1ce3e6,2016-05-12,2016-06-26,45 days 00:00:00.000000000,45
4dd633c46b8d78842b1e9dfb7f6a60e7,2016-04-10,2016-06-20,71 days 00:00:00.000000000,71
4e1fa948dc5295202fa8b7f8062b0d28,2016-05-19,2016-06-26,38 days 00:00:00.000000000,38
4e428667c6bb84323046e5647dfdfff0,2016-04-25,2016-05-15,20 days 00:00:00.000000000,20
4e83cce03deeca174a87faaa046a4750,2016-04-09,2016-06-26,78 days 00:00:00.000000000,78
4e9bcae1e2305fe1e6b215cb82833e97,2016-04-11,2016-06-26,76 days 00:00:00.000000000,76
4eb382d1f7d50fae1294964263d1ce82,2016-04-06,2016-06-26,81 days 00:00:00.000000000,81
4f06c1412e8f2c16c96abb053997112f,2016-05-03,2016-06-24,52 days 00:00:00.000000000,52
4f3187e47f035afbd77a00d4cd536d7f,2016-03-29,2016-06-24,87 days 00:00:00.000000000,87
50eadd94fd0152fd0638a915061c4c94,2016-04-13,2016-06-26,74 days 00:00:00.000000000,74
50ec87212107552181f769bdc522b63d,2016-04-11,2016-06-25,75 days 00:00:00.000000000,75
512ee3c7f8f9bfa6b7d3d824f5af228d,2016-04-13,2016-06-25,73 days 00:00:00.000000000,73
514da6a81ecbe7cd98fc71045c66aae1,2016-04-22,2016-05-23,31 days 00:00:00.000000000,31
5185567c0a5ec03eddbb003364c82b97,2016-05-06,2016-06-26,51 days 00:00:00.000000000,51
51a82cefe6d4e058ed392ea004572896,2016-05-07,2016-06-25,49 days 00:00:00.000000000,49
51b528390e8e7780595f6009b1f4cf72,2016-05-06,2016-06-05,30 days 00:00:00.000000000,30
52bc8ebc7db90d5b77453bf475677ebd,2016-05-08,2016-06-11,34 days 00:00:00.000000000,34
531a726b5b0c925a1aa24b5a9d5ac333,2016-04-05,2016-06-26,82 days 00:00:00.000000000,82
53e554eb940176c64fa8ee10a394f835,2016-05-11,2016-06-26,46 days 00:00:00.000000000,46
5420c76a41d255a40272c8f3c1f93c6a,2016-04-02,2016-06-11,70 days 00:00:00.000000000,70
5479187ed46c2c87abacde90f4d8ed6f,2016-04-07,2016-06-24,78 days 00:00:00.000000000,78
548a85a2fbb4986fd7a632566e8cb9c3,2016-04-02,2016-05-05,33 days 00:00:00.000000000,33
554a4f92c47ec3280d3ca64f5250b023,2016-05-05,2016-06-24,50 days 00:00:00.000000000,50
55bec90600d21bd3513366d218f2b2f2,2016-05-10,2016-06-26,47 days 00:00:00.000000000,47
55d70545197fd2c5cc68f14f3d5d6585,2016-04-30,2016-06-26,57 days 00:00:00.000000000,57
55d7b17732745057aff29fcd0ce13014,2016-03-29,2016-04-26,28 days 00:00:00.000000000,28
561593fc7dd18e6a78c6ad5e7eef0061,2016-04-14,2016-06-26,73 days 00:00:00.000000000,73
569271b82c506166a23ffcfbf6f854f2,2016-05-11,2016-06-26,46 days 00:00:00.000000000,46
56bda1ed3f3299ff6e8465398a498a5b,2016-05-07,2016-06-21,45 days 00:00:00.000000000,45
5718c878f7879770af94d41951431983,2016-04-19,2016-06-03,45 days 00:00:00.000000000,45
579967d1572ee95c66ffa1ca4077b61a,2016-03-29,2016-04-29,31 days 00:00:00.000000000,31
57c15602f0b088ce6b9e4f88edce149c,2016-04-20,2016-05-21,31 days 00:00:00.000000000,31
57c355d13a3bcfd36b3245d03f3f9d69,2016-05-12,2016-06-26,45 days 00:00:00.000000000,45
581129294fc7d1f43a4d1a372515dfaa,2016-04-17,2016-06-26,70 days 00:00:00.000000000,70
583740d998ccdf639276e797a6caa9df,2016-04-26,2016-06-12,47 days 00:00:00.000000000,47
585b09e7ee2164f95b134866f3f412fb,2016-04-28,2016-06-26,59 days 00:00:00.000000000,59
58d8c3038cd500e773aff605e28ce8a7,2016-04-30,2016-06-03,34 days 00:00:00.000000000,34
5943b68c2fa8bcfd0add30691fd9136b,2016-04-04,2016-06-26,83 days 00:00:00.000000000,83
5a22303ccd79309f5324acc7b0e751bf,2016-04-14,2016-05-29,45 days 00:00:00.000000000,45
5a4306be3d5e1d5481e9237d2d211cb6,2016-04-22,2016-06-25,64 days 00:00:00.000000000,64
5a880bc9cddbb3845438de87f859c360,2016-04-19,2016-06-25,67 days 00:00:00.000000000,67
5ae3c8ba3ae2b9230664674dadf8535a,2016-05-05,2016-06-12,38 days 00:00:00.000000000,38
5b33db9198566d3fcc5aa0bdeb435d2a,2016-05-11,2016-06-26,46 days 00:00:00.000000000,46
5bd37993cfff08be940348a466912238,2016-04-21,2016-06-26,66 days 00:00:00.000000000,66
5c00ecb439cd4e2377e9bb3de84b0e74,2016-03-28,2016-06-02,66 days 00:00:00.000000000,66
5cb230875b1a38b725085246444ffd0c,2016-04-21,2016-06-26,66 days 00:00:00.000000000,66
5ccc0e6dc9c7475caf785cdce7b8eb7a,2016-04-05,2016-06-26,82 days 00:00:00.000000000,82
5ceff5a3983505de6d021403c6975079,2016-04-12,2016-06-26,75 days 00:00:00.000000000,75
5cf93f7d1d3a8f0cf395c84053c31b1b,2016-04-23,2016-06-01,39 days 00:00:00.000000000,39
5cfe569d448c9a5e120ce15611e7c779,2016-04-17,2016-06-25,69 days 00:00:00.000000000,69
5cff9e4588a1d8b4b0fd703c4720421b,2016-04-05,2016-06-23,79 days 00:00:00.000000000,79
5dd7009f3d7f049d3e38b155ecd3a24e,2016-04-12,2016-06-25,74 days 00:00:00.000000000,74
5e37e705afb774452ab30d20b9561a0f,2016-04-25,2016-06-21,57 days 00:00:00.000000000,57
5e5bfc73736d6aa15ac33ea01d47e5ee,2016-05-10,2016-05-27,17 days 00:00:00.000000000,17
5e6bd3186b283c4e430332e1a3dd1b2e,2016-05-02,2016-06-24,53 days 00:00:00.000000000,53
5efe1190183936849880ece11b1ece77,2016-04-07,2016-06-07,61 days 00:00:00.000000000,61
5f34c8fc5bdd33f14bb71999b8286aef,2016-05-04,2016-05-22,18 days 00:00:00.000000000,18
5f946639378f9e31eee8b927dd743949,2016-04-09,2016-06-26,78 days 00:00:00.000000000,78
5fce375e4e5c673c29e652df1ac0b903,2016-03-30,2016-06-26,88 days 00:00:00.000000000,88
604097f005384ad20d982e7584f27c09,2016-05-07,2016-06-04,28 days 00:00:00.000000000,28
609970e669f2c55d69abc3cb117c47f6,2016-04-05,2016-06-25,81 days 00:00:00.000000000,81
60a524518de0ab4261b0e71ee7011d64,2016-04-12,2016-06-25,74 days 00:00:00.000000000,74
60f73dcab4a99269b597381b4958391f,2016-05-10,2016-06-26,47 days 00:00:00.000000000,47
619fb670865cb3e2583cc22fde1337f1,2016-04-11,2016-06-06,56 days 00:00:00.000000000,56
6241b9c147df1d0c7027321d4e1d53cf,2016-05-06,2016-06-02,27 days 00:00:00.000000000,27
62a95561a6b12acbf809772553ba1462,2016-05-09,2016-06-24,46 days 00:00:00.000000000,46
62aa54591b22be467c5a36356f96915b,2016-05-11,2016-06-25,45 days 00:00:00.000000000,45
62c83d1a137771a5c82433c8b3f7fddb,2016-05-04,2016-06-26,53 days 00:00:00.000000000,53
630559dc85053c746beafacbd590e8f0,2016-03-29,2016-06-26,89 days 00:00:00.000000000,89
633310975f38cbaf67eb5043b4c6c77c,2016-04-04,2016-06-26,83 days 00:00:00.000000000,83
6455eac21c029b8d93ff09c2dffcea35,2016-04-01,2016-06-20,80 days 00:00:00.000000000,80
646eba049df90f6bca2f51ce20004ac4,2016-04-21,2016-06-26,66 days 00:00:00.000000000,66
647bd8b8b02c285db177096a351f8e2c,2016-04-12,2016-06-16,65 days 00:00:00.000000000,65
64e245c2e3f5c7658bc062e9840c04dc,2016-05-06,2016-06-19,44 days 00:00:00.000000000,44
654c3e2ff69e4d6c9569212cbaf7af07,2016-05-09,2016-06-26,48 days 00:00:00.000000000,48
6580de4a0be125c140c30436c7c2c988,2016-05-06,2016-06-24,49 days 00:00:00.000000000,49
65b885fb53d0d952ed5be174c9c2d76d,2016-04-04,2016-06-24,81 days 00:00:00.000000000,81
65bacc9ccdbaf8341a7232d5cfdbb0bf,2016-05-12,2016-06-24,43 days 00:00:00.000000000,43
66290b00f9756a4c6808035244a4b9f6,2016-04-30,2016-06-24,55 days 00:00:00.000000000,55
6641cc5d8221699e7db3376fea5587ba,2016-05-10,2016-06-26,47 days 00:00:00.000000000,47
66f7bc876e24e26c5d71cb9a2a0e1222,2016-03-30,2016-06-19,81 days 00:00:00.000000000,81
67129f4eb32604d9e420da5bf6bb2469,2016-04-07,2016-06-22,76 days 00:00:00.000000000,76
671a36a580dd94c6a80d0dbe7fcaeabc,2016-05-13,2016-06-24,42 days 00:00:00.000000000,42
67771fd10458c38391b55774826e4c34,2016-04-28,2016-06-20,53 days 00:00:00.000000000,53
685a660507aba9066865ebfd62c48451,2016-05-13,2016-06-17,35 days 00:00:00.000000000,35
687ab6ec9da9f17ebd4d8665d1988e0f,2016-05-05,2016-06-26,52 days 00:00:00.000000000,52
689bdf87fb2de49f98bf4946cfaa5068,2016-04-04,2016-06-26,83 days 00:00:00.000000000,83
68a84d00f61c9fd6900cd12e662d43fa,2016-04-06,2016-06-25,80 days 00:00:00.000000000,80
68b546b2f4102641d6774c1ce4f57457,2016-03-30,2016-03-31,1 days 00:00:00.000000000,1
68c4e63e9663a4bd8d4e435601a26a37,2016-05-04,2016-06-26,53 days 00:00:00.000000000,53
691b99ebc7251c00edc12eab9232c0c4,2016-05-14,2016-06-24,41 days 00:00:00.000000000,41
699c387896f72e990239cbee1d81ff95,2016-04-20,2016-06-24,65 days 00:00:00.000000000,65
6a0b94ec26ca0805f971c293a9603887,2016-04-15,2016-06-25,71 days 00:00:00.000000000,71
6a190e3b2a68b2822a03fbd698f02604,2016-05-04,2016-06-26,53 days 00:00:00.000000000,53
6a464f9c764040d89517cb5ed9257953,2016-05-04,2016-06-05,32 days 00:00:00.000000000,32
6a4c652f46bc14c1c04eff3c67cabac0,2016-05-10,2016-06-23,44 days 00:00:00.000000000,44
6b0ba48a13c721f5fb766339a42d25f2,2016-03-30,2016-05-30,61 days 00:00:00.000000000,61
6b65c06851e944351dd285a1eb729499,2016-05-08,2016-06-26,49 days 00:00:00.000000000,49
6b941e22c8f9b2f159cce49fef9febff,2016-04-27,2016-06-05,39 days 00:00:00.000000000,39
6bc4ee6df691c3bed34c69aa93964ee9,2016-04-10,2016-05-25,45 days 00:00:00.000000000,45
6c0555804ebade45096a199f932e949e,2016-05-07,2016-06-25,49 days 00:00:00.000000000,49
6c1c6b6992a23fe80dc5377cba9cc2e4,2016-04-04,2016-06-26,83 days 00:00:00.000000000,83
6c5370105323176e4e88993943aa5b24,2016-04-13,2016-06-25,73 days 00:00:00.000000000,73
6c56118b534a5b446d1fd0eab7dc9b19,2016-04-16,2016-05-05,19 days 00:00:00.000000000,19
6c9d732cd0560af6e8939ac97bdd78d2,2016-03-30,2016-06-26,88 days 00:00:00.000000000,88
6cb35e276085548f3f095a85aa63af7b,2016-05-10,2016-06-08,29 days 00:00:00.000000000,29
6ccc2af7009dfea4572de788827ac5a1,2016-04-18,2016-04-25,7 days 00:00:00.000000000,7
6cdff0516a17236168522e0a270f4671,2016-04-15,2016-05-17,32 days 00:00:00.000000000,32
6db38fccb3ac1de3981b701eb5a15d84,2016-04-02,2016-05-27,55 days 00:00:00.000000000,55
6df6c8f8d3c2a93314245a604c02bed1,2016-04-28,2016-06-02,35 days 00:00:00.000000000,35
6e70c2024934874d052225a4466fb9c1,2016-03-28,2016-06-24,88 days 00:00:00.000000000,88
6eb2e0f41fc9f1fbb70e7751035fdf87,2016-03-29,2016-03-30,1 days 00:00:00.000000000,1
6eb562641c6e0074c14ac265153ccda6,2016-04-11,2016-06-20,70 days 00:00:00.000000000,70
6f107d977e357e3d22036cc447b354b0,2016-03-31,2016-06-26,87 days 00:00:00.000000000,87
6f660e81330d77df19d4e3fb14b18730,2016-04-28,2016-05-04,6 days 00:00:00.000000000,6
6f739a076d7ba8ca414334af995fc44c,2016-04-18,2016-06-24,67 days 00:00:00.000000000,67
6f9156b8af78f1e7f4ce971b50cacf29,2016-04-24,2016-06-19,56 days 00:00:00.000000000,56
6ff443616dd01da842095c0939394baf,2016-05-12,2016-06-25,44 days 00:00:00.000000000,44
7023bf0fa91bea71ae7bfa2481fb5b90,2016-04-02,2016-06-26,85 days 00:00:00.000000000,85
7062cc9432dba19f5b474be707a73525,2016-04-19,2016-05-22,33 days 00:00:00.000000000,33
706466935b9e1d04e4e116be7ce90ea9,2016-04-01,2016-05-14,43 days 00:00:00.000000000,43
71a4cd7ad9005409dc1bef838b488e6b,2016-04-27,2016-06-25,59 days 00:00:00.000000000,59
72118f61d16a22814cfe01fcffd0659f,2016-04-14,2016-06-22,69 days 00:00:00.000000000,69
72741692a0ac3fbd22820b0b278c4040,2016-04-06,2016-06-25,80 days 00:00:00.000000000,80
7287a688775698a457a560e1133aee0a,2016-04-28,2016-06-24,57 days 00:00:00.000000000,57
72ca99bb6667024a23e1f68904b06fd0,2016-03-28,2016-06-26,90 days 00:00:00.000000000,90
733e0653a13dd43c9b668b1825a2fecc,2016-04-30,2016-06-26,57 days 00:00:00.000000000,57
734e463e87289ed53edf3802a2cda9fe,2016-04-16,2016-06-24,69 days 00:00:00.000000000,69
7419cd5c573ff9994c0f8ff5d92b4408,2016-04-30,2016-06-25,56 days 00:00:00.000000000,56
7473815d8eb56f765461525f1bf48c93,2016-04-29,2016-06-06,38 days 00:00:00.000000000,38
7476a4cdfe6cb9587f03db358dff548f,2016-04-09,2016-06-26,78 days 00:00:00.000000000,78
7481015e6b377191f3b1531bc74e6908,2016-04-11,2016-05-06,25 days 00:00:00.000000000,25
74d1c00ab5098202337a91c936b6e080,2016-04-12,2016-06-26,75 days 00:00:00.000000000,75
74de6f7e57690a1687935227360edf7f,2016-05-05,2016-06-25,51 days 00:00:00.000000000,51
750b2b9e0f4caa4539c2553a4d04fb6b,2016-05-12,2016-06-25,44 days 00:00:00.000000000,44
7553628edc729ab03cedd3ded8de8736,2016-05-08,2016-06-02,25 days 00:00:00.000000000,25
758f6d309376d24b53da45e91cf778cd,2016-03-30,2016-06-25,87 days 00:00:00.000000000,87
7596061dc6e3a61ec35e0307bf423838,2016-05-02,2016-06-26,55 days 00:00:00.000000000,55
75d8798826340198f4fd204ed31336ed,2016-05-04,2016-06-26,53 days 00:00:00.000000000,53
75ff47d4ba4bd4480629671a666500ba,2016-03-28,2016-06-26,90 days 00:00:00.000000000,90
762db27fc4dd1e53dd4fa982ae2162b4,2016-04-15,2016-06-24,70 days 00:00:00.000000000,70
764289a2931fb70d1d27d5603d49edd2,2016-04-19,2016-05-14,25 days 00:00:00.000000000,25
766fea0c4f0b265fe9ac9e1e4ec64ad7,2016-05-03,2016-06-24,52 days 00:00:00.000000000,52
7708f393e874acbdd44bbf47c9a328e9,2016-04-23,2016-06-25,63 days 00:00:00.000000000,63
773555b1cf65c9fa882fd9f6c50f44d4,2016-05-10,2016-06-23,44 days 00:00:00.000000000,44
775a910a05bbc12a236ec64d4109c37b,2016-05-13,2016-06-25,43 days 00:00:00.000000000,43
7767360462c03c38f487f16f57b02e02,2016-04-26,2016-05-24,28 days 00:00:00.000000000,28
779747a77c043096f6428413f26d25dc,2016-05-11,2016-06-24,44 days 00:00:00.000000000,44
77c589b9398709f398778a0ff368e00e,2016-04-29,2016-06-25,57 days 00:00:00.000000000,57
785d6109caeb2f53c0628c37b20d91cb,2016-04-27,2016-06-26,60 days 00:00:00.000000000,60
787fafc34f07b372b60981ccdc4018eb,2016-05-08,2016-06-04,27 days 00:00:00.000000000,27
793e2072826ee96904a5f03ae2357e96,2016-04-20,2016-06-26,67 days 00:00:00.000000000,67
7960373dbd5c93b4a066b352fea600ee,2016-05-09,2016-06-24,46 days 00:00:00.000000000,46
798b4cc659c984e8353c7a4f90936df1,2016-05-14,2016-06-25,42 days 00:00:00.000000000,42
7a1fd3df8aa8197bdb3be8c5d4ffa92d,2016-05-02,2016-06-11,40 days 00:00:00.000000000,40
7abb5ee55c03357b69af929f51443bb0,2016-04-28,2016-06-26,59 days 00:00:00.000000000,59
7abb74e551c262a945929b92e0551b04,2016-05-05,2016-06-09,35 days 00:00:00.000000000,35
7ad917215da937eefdf48e3c9d3fcf26,2016-04-29,2016-06-25,57 days 00:00:00.000000000,57
7aee4951b59fcd1edda02bbecaa2a717,2016-04-25,2016-05-26,31 days 00:00:00.000000000,31
7b625f643d0775f0ac4898e33235377b,2016-04-04,2016-04-19,15 days 00:00:00.000000000,15
7b8eaf284addb604039c7e22d23c903f,2016-04-05,2016-06-11,67 days 00:00:00.000000000,67
7bb464563d0d43f7f894439d163f4ad3,2016-05-05,2016-06-26,52 days 00:00:00.000000000,52
7c1478b12207107ae4296e656a49d6f6,2016-03-29,2016-05-05,37 days 00:00:00.000000000,37
7c27405cefee2fad79a81a819ca9dbe1,2016-04-08,2016-06-26,79 days 00:00:00.000000000,79
7c4bcea05c14431c65ef1d9cfa20ecb1,2016-03-31,2016-04-23,23 days 00:00:00.000000000,23
7c64b8d49dd5fbe34f44a9b4bae0e7b4,2016-04-01,2016-05-17,46 days 00:00:00.000000000,46
7c8d33cc16246462e046ed084f7428a4,2016-04-21,2016-06-20,60 days 00:00:00.000000000,60
7d8627729a14175b1424153ba46d7acf,2016-04-06,2016-06-24,79 days 00:00:00.000000000,79
7da41cde0e0d0503549eeb7ca5609a9f,2016-04-28,2016-05-10,12 days 00:00:00.000000000,12
7dfa12ce1fc9cc58ec34fd66c75b106b,2016-05-13,2016-06-25,43 days 00:00:00.000000000,43
7e335469ce82f86c20d06b06ccfa1da1,2016-04-05,2016-06-24,80 days 00:00:00.000000000,80
7ee801015b6ba9dc0aa2687cb28b8361,2016-04-21,2016-06-16,56 days 00:00:00.000000000,56
7f4350f4a358ac264ccf3b10c4966afc,2016-03-28,2016-06-14,78 days 00:00:00.000000000,78
7f47fd2db9cfdc30fe46068ad017152b,2016-04-09,2016-05-20,41 days 00:00:00.000000000,41
7fc97bb967d4380b38e8490aceb85224,2016-04-25,2016-06-13,49 days 00:00:00.000000000,49
7fcca181f46acfa027ea83c7dc70afa9,2016-04-24,2016-06-25,62 days 00:00:00.000000000,62
7ff85c5c0e9324e28d1e0d0589c364bd,2016-04-27,2016-06-22,56 days 00:00:00.000000000,56
8046a7b32ff00f418c1bb410a67adf68,2016-05-04,2016-06-17,44 days 00:00:00.000000000,44
804ea124edb0d6694aa4a3c9eb22a716,2016-05-12,2016-06-24,43 days 00:00:00.000000000,43
80597153cf2bec000612ba2e45a72d91,2016-03-28,2016-06-16,80 days 00:00:00.000000000,80
80cb80668a3c444e3e8962d1c861b9d0,2016-04-17,2016-06-14,58 days 00:00:00.000000000,58
80f8e8eb5eac6dd41259ccc73993aff6,2016-05-07,2016-06-23,47 days 00:00:00.000000000,47
810c559baf6b5c20dca13b794fb36240,2016-04-18,2016-06-25,68 days 00:00:00.000000000,68
81fe057f033eeba6b1472a8fce5c1fdb,2016-04-11,2016-06-26,76 days 00:00:00.000000000,76
8224c23bca05c2adb3fdf40752eb1b3c,2016-03-28,2016-06-06,70 days 00:00:00.000000000,70
838495eb3f025e512228480eae127522,2016-04-06,2016-04-14,8 days 00:00:00.000000000,8
83a0efd007f4db8f0b7db5753d80fd87,2016-04-14,2016-05-03,19 days 00:00:00.000000000,19
83ae2db3b59285394e07063a7d0d0512,2016-04-19,2016-05-02,13 days 00:00:00.000000000,13
844d41532242b64d8f19774b6b7f1c82,2016-04-18,2016-06-21,64 days 00:00:00.000000000,64
844e9be5a30d8d9c1f8e9ddb086ff717,2016-04-15,2016-06-26,72 days 00:00:00.000000000,72
849726bb431c44a984e5f0f60923a0ff,2016-04-25,2016-05-21,26 days 00:00:00.000000000,26
84e1a98ccf46774bc4f5c6374079dc07,2016-03-30,2016-04-10,11 days 00:00:00.000000000,11
8506914d35a1146dd602b68a93b5be5a,2016-04-07,2016-06-12,66 days 00:00:00.000000000,66
850de9129410d40c2875418eb40858b9,2016-05-12,2016-06-26,45 days 00:00:00.000000000,45
85bfeb44e07b0d4e86c637353080289d,2016-04-18,2016-06-05,48 days 00:00:00.000000000,48
86a1dbd33d3ee6d68caa25966a2868a3,2016-04-29,2016-06-26,58 days 00:00:00.000000000,58
86f580ee80bb5a54e07595410d624108,2016-05-03,2016-06-26,54 days 00:00:00.000000000,54
876e3742e4165313e3be9ca7ff4e41b2,2016-04-14,2016-06-24,71 days 00:00:00.000000000,71
87b493b5ff1b807c2320801fcd16ac26,2016-04-16,2016-06-25,70 days 00:00:00.000000000,70
881527a718b502bacbd04b6f45fcc2fc,2016-04-28,2016-05-14,16 days 00:00:00.000000000,16
8902cda459f8ac02c38efb2815cf4026,2016-04-08,2016-05-06,28 days 00:00:00.000000000,28
895c14bfd7d1e2c26aee6938703f32f8,2016-03-28,2016-04-18,21 days 00:00:00.000000000,21
8969d175c4676642b245af55d2dba19b,2016-05-04,2016-05-19,15 days 00:00:00.000000000,15
89788880a732b675ba9cd9854adcf684,2016-04-30,2016-06-26,57 days 00:00:00.000000000,57
89b9947570bc59a6161fb5edea18b852,2016-05-09,2016-06-22,44 days 00:00:00.000000000,44
89dab1d9f815cea34ce3612a6b7c0d51,2016-04-12,2016-04-19,7 days 00:00:00.000000000,7
8a64fa582ad5ac3bce95a38756b1875c,2016-04-19,2016-06-15,57 days 00:00:00.000000000,57
8a7d9195606bdc9bd5305f6bb300e1de,2016-04-06,2016-06-25,80 days 00:00:00.000000000,80
8a86bdb56cb975c786e47cb256838ed6,2016-04-22,2016-06-26,65 days 00:00:00.000000000,65
8a965bfa0851de76169b3206709ca943,2016-04-02,2016-06-25,84 days 00:00:00.000000000,84
8b0662c4244f85c5dd7ab46810ca6b04,2016-04-27,2016-06-06,40 days 00:00:00.000000000,40
8b09ef45562214f00e7c11ed16d70dc8,2016-04-13,2016-06-26,74 days 00:00:00.000000000,74
8b688ef44a5b17bd7150350d059e67ea,2016-03-29,2016-06-09,72 days 00:00:00.000000000,72
8b87786b3a356550a4708f5ab3768792,2016-04-23,2016-06-25,63 days 00:00:00.000000000,63
8b9b73cd6d63023caa38dbd25c1042cd,2016-03-31,2016-06-25,86 days 00:00:00.000000000,86
8bda575d26a589024a4e62aeba352f93,2016-03-30,2016-06-26,88 days 00:00:00.000000000,88
8c0d55bf42d242ac86f43c4031d6371f,2016-04-14,2016-05-17,33 days 00:00:00.000000000,33
8c38fce0915fbb7d816e19c3ecda64fb,2016-04-22,2016-06-26,65 days 00:00:00.000000000,65
8c40d50720fcc5990329f7312d1ad327,2016-04-09,2016-06-10,62 days 00:00:00.000000000,62
8c9a890f19a0ab28b745246162e449d7,2016-05-04,2016-06-26,53 days 00:00:00.000000000,53
8cd308e28e213e46e87c9dd9c5aa1466,2016-04-18,2016-06-26,69 days 00:00:00.000000000,69
8d3740598109bb310e6244ecc1971a85,2016-05-12,2016-06-22,41 days 00:00:00.000000000,41
8d5a99f2032a336a57222948915edf09,2016-04-06,2016-06-15,70 days 00:00:00.000000000,70
8da0796b60fa75a5ced6d1c3bf1f3064,2016-04-06,2016-06-15,70 days 00:00:00.000000000,70
8dbfef11a650dd9658ca0c6f70b84f88,2016-03-29,2016-06-26,89 days 00:00:00.000000000,89
8dc9d28aa6ab0af5dcc98420a9bd65e0,2016-04-23,2016-06-26,64 days 00:00:00.000000000,64
8dfea9e24286290d2f59f5b51f00b6c2,2016-04-01,2016-04-28,27 days 00:00:00.000000000,27
8eb2f1fd0858319b86b9e44b64660eb6,2016-03-28,2016-06-15,79 days 00:00:00.000000000,79
8ef80bf59ceefb3fef9d41a5c66eff35,2016-04-25,2016-06-26,62 days 00:00:00.000000000,62
8f325f86996ff57a0006add6cb623e19,2016-04-04,2016-06-25,82 days 00:00:00.000000000,82
905f8007cd46415eba8b9dce088b4395,2016-04-01,2016-05-07,36 days 00:00:00.000000000,36
90a155db6f98de56ed6baaeccb5aafdd,2016-04-08,2016-05-02,24 days 00:00:00.000000000,24
91278ab4c7170ed070a5cd653cab3d26,2016-05-06,2016-06-05,30 days 00:00:00.000000000,30
914712bea449e20e1cd2e18c269481bf,2016-05-04,2016-06-26,53 days 00:00:00.000000000,53
915b7e1b8cdd0e1bf9826e8ae91706b4,2016-05-06,2016-06-07,32 days 00:00:00.000000000,32
922214b02f8dfbde50e8cdaa187dfd47,2016-03-28,2016-06-24,88 days 00:00:00.000000000,88
93337ec6e89c26ff280f490dc3eb9042,2016-04-15,2016-06-26,72 days 00:00:00.000000000,72
93587c4ead63454c615f4651e2841ba2,2016-03-28,2016-06-14,78 days 00:00:00.000000000,78
93fb5779620ce28dea9cb83cbb25ff9b,2016-05-05,2016-06-24,50 days 00:00:00.000000000,50
943db956d9c6ccf01435211d99568f15,2016-04-14,2016-06-26,73 days 00:00:00.000000000,73
944e9726e57e8c379049dba4bdabb05b,2016-04-20,2016-06-26,67 days 00:00:00.000000000,67
94699541835b03d2a18e265299c11213,2016-04-21,2016-06-17,57 days 00:00:00.000000000,57
94731f1d1f9180223445e77690aefc03,2016-04-17,2016-06-25,69 days 00:00:00.000000000,69
9494350df132e6748afca3bc5d138dcc,2016-05-04,2016-06-16,43 days 00:00:00.000000000,43
94ab22994e3ee32eb32f515563197296,2016-04-09,2016-06-25,77 days 00:00:00.000000000,77
956942174fc793c4bfb6fffc4b3c1c7b,2016-04-01,2016-06-25,85 days 00:00:00.000000000,85
95c1a153c7ec6b5623b8ef298010d2e9,2016-05-06,2016-06-24,49 days 00:00:00.000000000,49
962f9787bc5b8dd06dbc2147c39ae15b,2016-04-29,2016-06-19,51 days 00:00:00.000000000,51
96d7ab03f9156154f6f2144263a85579,2016-04-06,2016-06-10,65 days 00:00:00.000000000,65
97332a03726c052b1283fdd36dbdeca4,2016-04-15,2016-05-06,21 days 00:00:00.000000000,21
9760cb1c8a14d3fcf527631acabee35c,2016-04-25,2016-06-19,55 days 00:00:00.000000000,55
97c0a0888afa9dcadc73386abcacd350,2016-04-12,2016-06-23,72 days 00:00:00.000000000,72
9835cfed2c02bee16b5f0eeac3b4926a,2016-03-31,2016-04-08,8 days 00:00:00.000000000,8
9857a5bc59036a73f9261ea694bc002a,2016-05-06,2016-06-26,51 days 00:00:00.000000000,51
987c2e7dfc9a93697b8dfd030487ff01,2016-04-05,2016-06-07,63 days 00:00:00.000000000,63
987f45c1c19d83fcf3295828771c10f7,2016-04-08,2016-06-17,70 days 00:00:00.000000000,70
98a7f586f974550506502f52e47700f5,2016-04-17,2016-05-22,35 days 00:00:00.000000000,35
98a878a6fe557bf91236e6fc0413faba,2016-04-23,2016-06-26,64 days 00:00:00.000000000,64
99e05511bd051039630e0ee9d311afbc,2016-04-27,2016-06-26,60 days 00:00:00.000000000,60
99e15cb3381c646df2619a95cf805743,2016-04-15,2016-06-23,69 days 00:00:00.000000000,69
9a2b695c70ad62abcb4323d7e9a4b6cb,2016-04-06,2016-04-29,23 days 00:00:00.000000000,23
9a54684a69721c1075c2af5fc077665b,2016-05-11,2016-06-26,46 days 00:00:00.000000000,46
9ac5116c46dc8515c0aec6f7153c6440,2016-04-06,2016-06-01,56 days 00:00:00.000000000,56
9b665130b27de44f369a44b2cb752670,2016-05-04,2016-05-30,26 days 00:00:00.000000000,26
9b73a887dab36dc0a53f3308bc278a2e,2016-04-16,2016-06-26,71 days 00:00:00.000000000,71
9b7b9829183e266882d4815d95357a1a,2016-05-05,2016-05-23,18 days 00:00:00.000000000,18
9c0158ebe58592fdb3d18fb9c4623db7,2016-04-05,2016-06-11,67 days 00:00:00.000000000,67
9c5835247a252ab6275775341b502f4a,2016-03-31,2016-06-26,87 days 00:00:00.000000000,87
9c5a3250d9f6e6537b3b076b26ce16cb,2016-04-01,2016-06-26,86 days 00:00:00.000000000,86
9c67faa1ab5de24e6d9c60bf7705f658,2016-04-05,2016-06-26,82 days 00:00:00.000000000,82
9c8968198038d0ce08f8066275480e62,2016-04-20,2016-06-26,67 days 00:00:00.000000000,67
9cb8155c8eac12669e18a89a2971a8d1,2016-04-20,2016-06-25,66 days 00:00:00.000000000,66
9d59581a50c97cf28d30f80cc77dd76c,2016-03-30,2016-06-12,74 days 00:00:00.000000000,74
9da29e218f6be3ea257d35f98eee1088,2016-04-05,2016-06-04,60 days 00:00:00.000000000,60
9dc512e71a0f206687f60b8bfc405050,2016-04-23,2016-06-19,57 days 00:00:00.000000000,57
9ded5e80238ea1cb8e923d3f3b03ccd4,2016-05-10,2016-06-22,43 days 00:00:00.000000000,43
9e003a96a6aa5a9207530767c2a8b310,2016-05-09,2016-06-04,26 days 00:00:00.000000000,26
9e291e9ae23649f498e166278c16344a,2016-04-07,2016-06-23,77 days 00:00:00.000000000,77
9e5b47cd6f31b05e75e92a427230ebdc,2016-04-09,2016-06-26,78 days 00:00:00.000000000,78
9e9d4402b1038d103b3add7271d9b8ca,2016-04-05,2016-06-26,82 days 00:00:00.000000000,82
9ebbe10ae57214da77ecc43f6a84caf0,2016-04-09,2016-06-24,76 days 00:00:00.000000000,76
9f1b385dd82b5a43f98660a99747e3cc,2016-04-29,2016-06-26,58 days 00:00:00.000000000,58
9fa4b644d8b6ea510119808c37f22223,2016-03-30,2016-04-05,6 days 00:00:00.000000000,6
a0b52413e2eedcc5ca6f31d53ab1a96c,2016-04-01,2016-05-10,39 days 00:00:00.000000000,39
a12d788b7cd01f696bb5ebf28fa739cc,2016-03-31,2016-06-26,87 days 00:00:00.000000000,87
a1a2b1b116fad0bfb521da9cf92df2b5,2016-05-04,2016-06-25,52 days 00:00:00.000000000,52
a21d85d9c18b9589f82a618f0531ecac,2016-03-28,2016-06-07,71 days 00:00:00.000000000,71
a22aad223462e8196b76f259752ccee4,2016-03-31,2016-06-21,82 days 00:00:00.000000000,82
a2334fdb829cf96fbae920df0cce1587,2016-04-08,2016-04-10,2 days 00:00:00.000000000,2
a2bdf1915008a135e5ddaf8cf110adf9,2016-05-12,2016-06-25,44 days 00:00:00.000000000,44
a2f170312615f7d2d41b80da4d5d7a72,2016-05-11,2016-06-25,45 days 00:00:00.000000000,45
a324cc0a17ed8b72ef62b06a021224a2,2016-04-14,2016-06-26,73 days 00:00:00.000000000,73
a33de78c73e2b157118fc745e8c2214d,2016-04-27,2016-06-25,59 days 00:00:00.000000000,59
a3c39ee40d7bb0ab8e49efc44cb6735c,2016-03-30,2016-06-26,88 days 00:00:00.000000000,88
a3e28ae11607ad68dedbc2baff2210e2,2016-04-23,2016-05-09,16 days 00:00:00.000000000,16
a3e6503d6fd14f55f5a7a7e993c06c0b,2016-05-01,2016-06-20,50 days 00:00:00.000000000,50
a4401d3bb25a651812f6781fcce5df77,2016-04-14,2016-06-18,65 days 00:00:00.000000000,65
a4463e077e248abcd96b8ee584e7fec5,2016-04-22,2016-06-26,65 days 00:00:00.000000000,65
a533ee906b3e68bcd03e3e2888a844a8,2016-03-30,2016-06-22,84 days 00:00:00.000000000,84
a53de9ae055503d13bbcd6e19c5c311e,2016-04-23,2016-06-26,64 days 00:00:00.000000000,64
a5637a20ede3d6cb3be2d52d17d9174b,2016-03-31,2016-06-24,85 days 00:00:00.000000000,85
a60115fe0ec8c0e2d4fb8958a28567f6,2016-04-26,2016-06-16,51 days 00:00:00.000000000,51
a632e60ee41d9aab624a6b7fd6269976,2016-04-27,2016-06-25,59 days 00:00:00.000000000,59
a6505f04908e487e37c61c2a2a582eaf,2016-05-10,2016-06-26,47 days 00:00:00.000000000,47
a69bbe711400a8eaf17206a9d2b4f26a,2016-05-13,2016-06-25,43 days 00:00:00.000000000,43
a6fe0a06612bc9d9fd3f7dc1fd9615f0,2016-04-11,2016-06-26,76 days 00:00:00.000000000,76
a741036dcc0164fabc9155e11816f7c3,2016-04-29,2016-06-24,56 days 00:00:00.000000000,56
a746873c2f5431e9ac8e12c47a104115,2016-04-16,2016-06-26,71 days 00:00:00.000000000,71
a7638b7beea5715330ac956372522b07,2016-03-31,2016-04-28,28 days 00:00:00.000000000,28
a7ae2d9768b3eddb584395f2d984b3a2,2016-04-19,2016-06-24,66 days 00:00:00.000000000,66
a7fa04a6b4111cac92989ac266ec40d2,2016-05-11,2016-06-10,30 days 00:00:00.000000000,30
a84478867f4a6fb6450da1cb47458308,2016-03-31,2016-06-25,86 days 00:00:00.000000000,86
a854b4bcf206030120913620bc664396,2016-04-06,2016-06-04,59 days 00:00:00.000000000,59
a8bf411134a27779046e2f7ed3b2e1cf,2016-04-22,2016-06-21,60 days 00:00:00.000000000,60
a909251d04212c2b8d369aa619c13ddf,2016-04-09,2016-05-16,37 days 00:00:00.000000000,37
a95c73a18090636ec3a8033e8a6034c5,2016-04-29,2016-06-26,58 days 00:00:00.000000000,58
a9af04859e568ded6758279d805c56e8,2016-05-04,2016-06-26,53 days 00:00:00.000000000,53
a9dc82f0789aee809c81669dc768ced0,2016-04-08,2016-06-26,79 days 00:00:00.000000000,79
aab4ab866a771d21006a07cfff585eff,2016-05-13,2016-06-26,44 days 00:00:00.000000000,44
ab76a5e04d9126c2070bf84ac419f80e,2016-05-12,2016-06-26,45 days 00:00:00.000000000,45
abc63585621a8cc49099bc9dde677f27,2016-05-02,2016-06-26,55 days 00:00:00.000000000,55
ac3c378542ada7cfedc24720ef9e3273,2016-04-26,2016-05-28,32 days 00:00:00.000000000,32
ac51126328b559dd3872766d2455bba0,2016-04-13,2016-05-23,40 days 00:00:00.000000000,40
ac986e2a577103efe48b23cd17a4b6ed,2016-04-15,2016-05-20,35 days 00:00:00.000000000,35
acd5d321f5a7e35ccc3bf80a2c744c36,2016-04-18,2016-06-24,67 days 00:00:00.000000000,67
acd7dc6118befb6724aa3752d1cdbea1,2016-04-19,2016-05-15,26 days 00:00:00.000000000,26
ace64b24a38208dc0712bc65314027ac,2016-05-11,2016-06-26,46 days 00:00:00.000000000,46
acedcaee665d04c791bff1bf848af3a0,2016-05-05,2016-06-26,52 days 00:00:00.000000000,52
ad6a8aef632e7684c3b1e1e9dc0f7d23,2016-05-12,2016-05-16,4 days 00:00:00.000000000,4
add2977c3e55ba8475f60054a75a8b14,2016-05-07,2016-05-17,10 days 00:00:00.000000000,10
ae08f3a379c6069211342d448f74b606,2016-04-17,2016-06-22,66 days 00:00:00.000000000,66
aeda204ee39ccc79f22fe31ed73882ad,2016-04-30,2016-05-13,13 days 00:00:00.000000000,13
af39ba3a5cfaddc35f3c1f92bd860ca9,2016-04-20,2016-06-26,67 days 00:00:00.000000000,67
af452fac966efa9d089953c99045bb20,2016-04-22,2016-06-26,65 days 00:00:00.000000000,65
af4bae4a0b7a75194dbd4951c78bb98a,2016-05-11,2016-05-23,12 days 00:00:00.000000000,12
af74473d8f38c0c3e8cba5b72f747281,2016-04-08,2016-06-19,72 days 00:00:00.000000000,72
af8cad352c24bda90b2a5d07e1049181,2016-05-11,2016-06-26,46 days 00:00:00.000000000,46
afb63eff111f81c66cc01a5c9f64f2a2,2016-05-07,2016-06-26,50 days 00:00:00.000000000,50
afc352444f34fc17d988c3fdf916756b,2016-05-13,2016-06-11,29 days 00:00:00.000000000,29
afc7a3f83a5e5cc87136bceacceed8af,2016-05-12,2016-06-26,45 days 00:00:00.000000000,45
b0b60bc559f123caa41ae1e002243c3c,2016-05-13,2016-06-26,44 days 00:00:00.000000000,44
b13f722977cced9ee6d2ad25e8761583,2016-05-13,2016-06-26,44 days 00:00:00.000000000,44
b14d2355eb3b7daf6b07c44a31fb23d4,2016-04-24,2016-06-04,41 days 00:00:00.000000000,41
b1adb42b262bed41aeab28e9f6e93633,2016-04-20,2016-06-01,42 days 00:00:00.000000000,42
b2b3c6614a4a317bdfb7a57ae8a1687d,2016-05-12,2016-06-25,44 days 00:00:00.000000000,44
b2d3f2fb171a12cac427107690c10089,2016-04-29,2016-05-31,32 days 00:00:00.000000000,32
b508b23b0c53f5e3ee71562e531a3a25,2016-04-25,2016-06-25,61 days 00:00:00.000000000,61
b5275d250226cf29df0164d0f62d5ba7,2016-04-04,2016-06-25,82 days 00:00:00.000000000,82
b572ff3bea0c3095a3a5d24db765dd42,2016-04-26,2016-05-31,35 days 00:00:00.000000000,35
b5b10e1d4132c7c1155f88aa00b9a5c5,2016-05-04,2016-06-26,53 days 00:00:00.000000000,53
b5b1d33f7a438b13f85fcc46cc248578,2016-04-16,2016-06-21,66 days 00:00:00.000000000,66
b5d89a7f152103c9fc981e3990e9fc86,2016-04-21,2016-06-23,63 days 00:00:00.000000000,63
b66734bd849ac838a9c0830878837979,2016-04-21,2016-06-25,65 days 00:00:00.000000000,65
b66b0833b679faefba66e3f1b9eb579b,2016-04-10,2016-06-26,77 days 00:00:00.000000000,77
b6b8068eea005094bf1eeab9c35c9c11,2016-04-15,2016-06-26,72 days 00:00:00.000000000,72
b6c8c21a45ce574430158f6230d9e254,2016-05-13,2016-06-26,44 days 00:00:00.000000000,44
b6ec72d2f14dcc90a4e7fd25bd12e9a7,2016-05-03,2016-06-26,54 days 00:00:00.000000000,54
b75fb275f65a39b9ae038a7593d91fcb,2016-04-23,2016-06-22,60 days 00:00:00.000000000,60
b7b0b507d966d1e1735ecaaf0c3ed5b6,2016-04-29,2016-06-26,58 days 00:00:00.000000000,58
b7bd34f3d587ea950dabfd4ac7781f2f,2016-03-29,2016-06-25,88 days 00:00:00.000000000,88
b7de2b55859abf8fb49bf393a5a2816a,2016-05-05,2016-06-26,52 days 00:00:00.000000000,52
b7fbf53260861a5a9022b709abe4d584,2016-04-13,2016-06-19,67 days 00:00:00.000000000,67
b8df3a1ffca045016321353536ac86cf,2016-04-03,2016-04-07,4 days 00:00:00.000000000,4
b93ff367c79f79437eb5b70dc00a33bb,2016-04-10,2016-06-24,75 days 00:00:00.000000000,75
b972617c1e490250b2dbcd3353fd436b,2016-04-08,2016-06-17,70 days 00:00:00.000000000,70
b97fd5240666a3c3ded13df9f73ca71d,2016-05-08,2016-06-26,49 days 00:00:00.000000000,49
b9912d7f760895a9a5f9e046a70e7d8e,2016-04-20,2016-05-05,15 days 00:00:00.000000000,15
b9926f42a5fd6cc0c455fe59a21961ab,2016-04-11,2016-05-26,45 days 00:00:00.000000000,45
ba3a4161ca111c8a2d39a1f1bffd3557,2016-04-21,2016-06-26,66 days 00:00:00.000000000,66
ba5185bc3765e91878ea56a67f156acb,2016-04-21,2016-06-02,42 days 00:00:00.000000000,42
ba78525b3444a3714174f4734720996a,2016-04-25,2016-06-26,62 days 00:00:00.000000000,62
bb2984ebd891be82156fff038a85aafa,2016-04-12,2016-05-26,44 days 00:00:00.000000000,44
bb2993a27d213c0eefab695ef0214fa9,2016-04-22,2016-06-19,58 days 00:00:00.000000000,58
bc8249da3b109151438a85d49300dd0f,2016-04-24,2016-06-26,63 days 00:00:00.000000000,63
bd057e02f75c92917389d90bb215fe91,2016-03-29,2016-03-30,1 days 00:00:00.000000000,1
bd2433d45fc8dcd1c1d01d9c20ca357b,2016-04-06,2016-06-25,80 days 00:00:00.000000000,80
bd26a8a5910f6c87aed2fcce32782fae,2016-04-05,2016-04-17,12 days 00:00:00.000000000,12
bd2cf0eb59f96babbb13b724d8d77b12,2016-04-01,2016-06-12,72 days 00:00:00.000000000,72
bd34a715eef595600ffb4f683ca04e64,2016-04-04,2016-06-25,82 days 00:00:00.000000000,82
bd5cea890904311cd874773b13255406,2016-04-30,2016-06-19,50 days 00:00:00.000000000,50
bd9366761825d97d4c79c2c61638318b,2016-03-29,2016-06-23,86 days 00:00:00.000000000,86
bdca40c895def7985563060c5dcbd0ca,2016-05-12,2016-06-07,26 days 00:00:00.000000000,26
bde37c58877c64b6ce4b309dc2154bad,2016-04-24,2016-05-15,21 days 00:00:00.000000000,21
be22fe5992cb9557d7748113ea1f6057,2016-04-30,2016-05-22,22 days 00:00:00.000000000,22
be34f66b259b110d8908297419741202,2016-03-31,2016-05-18,48 days 00:00:00.000000000,48
bf0a8a6ddc179a9466082343c5862904,2016-04-01,2016-05-07,36 days 00:00:00.000000000,36
bf2693c5774a77e478e418119be97c5c,2016-05-15,2016-05-29,14 days 00:00:00.000000000,14
bf87c4b14479e823c1ce554606f6fdd6,2016-04-15,2016-06-24,70 days 00:00:00.000000000,70
c0640121b56458ccc0d2892067bc463b,2016-04-17,2016-06-26,70 days 00:00:00.000000000,70
c07499b5a6f1090f2fb263ec6ac0660c,2016-04-01,2016-06-26,86 days 00:00:00.000000000,86
c12c2eb875879488e687111335a12805,2016-03-30,2016-06-26,88 days 00:00:00.000000000,88
c1909690dc34d322b9483c10cb1a533a,2016-05-03,2016-06-26,54 days 00:00:00.000000000,54
c1d662bc81ade6c9a1ec161b3076b27e,2016-03-29,2016-06-26,89 days 00:00:00.000000000,89
c1e9b11fb4591a922e98ed4c46063b6a,2016-05-12,2016-06-26,45 days 00:00:00.000000000,45
c284230ecd0f82b79b99e8326bc62c6b,2016-04-05,2016-06-23,79 days 00:00:00.000000000,79
c468a648519cd42da75e6aa9dadf733e,2016-04-01,2016-06-26,86 days 00:00:00.000000000,86
c56b62b863a81370827e04d2c0a669a8,2016-04-10,2016-06-06,57 days 00:00:00.000000000,57
c5f1c362617932134aaf950f537061d4,2016-05-11,2016-06-25,45 days 00:00:00.000000000,45
c6ea9e05de9e221aed059ccc8ad5f6bb,2016-04-12,2016-06-26,75 days 00:00:00.000000000,75
c7de222dc1b99eddaa9a665687b94dc3,2016-04-13,2016-06-16,64 days 00:00:00.000000000,64
c7fa83cac784c0f6225cfe30bb96572b,2016-05-11,2016-05-23,12 days 00:00:00.000000000,12
c826130d392023b4c535431e2616e88b,2016-04-12,2016-06-24,73 days 00:00:00.000000000,73
c8932c12e8ac6691d5c7c27ba8ecb967,2016-04-17,2016-06-23,67 days 00:00:00.000000000,67
c8b0c99b2c6537769427fe4eec396e55,2016-04-17,2016-06-20,64 days 00:00:00.000000000,64
c8f03786f7e1b205a9d38722fc3651e6,2016-04-05,2016-06-26,82 days 00:00:00.000000000,82
c95b96b3d38fbf45da2bc43db49861c5,2016-04-14,2016-06-26,73 days 00:00:00.000000000,73
c95f5d4bedbea37cf208fc3e70e7e75e,2016-04-07,2016-06-23,77 days 00:00:00.000000000,77
c97e3d0c075030df5478bf3e679f97bd,2016-05-06,2016-06-26,51 days 00:00:00.000000000,51
c97fa24cacdc7b092c81d9556d4a3aab,2016-04-07,2016-06-12,66 days 00:00:00.000000000,66
c9b9fc54bf7c8edcbe35b1091f38cf0f,2016-04-19,2016-06-04,46 days 00:00:00.000000000,46
cacd66f64a54dca26e17f19a6344c369,2016-04-14,2016-06-19,66 days 00:00:00.000000000,66
cad3107b4ec2400c662cd8eab4e20026,2016-04-14,2016-06-26,73 days 00:00:00.000000000,73
cae89a5674ccf4bb1a78708926697f8b,2016-05-12,2016-06-26,45 days 00:00:00.000000000,45
cb5ecf234f7492c867bfa875a2c677b5,2016-03-29,2016-06-14,77 days 00:00:00.000000000,77
cbba49117a03fd2f578022eab904dced,2016-04-14,2016-06-26,73 days 00:00:00.000000000,73
cc2186bc2bd14948eb9b490d14fcd686,2016-05-03,2016-05-14,11 days 00:00:00.000000000,11
cc5b9b32417adab54115cc8eabc5695d,2016-05-04,2016-06-24,51 days 00:00:00.000000000,51
ccf0631bc6ad481b3d7becb69564f61b,2016-05-05,2016-05-21,16 days 00:00:00.000000000,16
cd970d2e7d3034e5946e71db0b4869c5,2016-04-08,2016-06-26,79 days 00:00:00.000000000,79
cdab4b0c1ece5d2bc1d671ef6bf21382,2016-04-29,2016-06-11,43 days 00:00:00.000000000,43
cdca9a75635698b016fdb75f95f561c0,2016-04-14,2016-06-26,73 days 00:00:00.000000000,73
cdfff0fd9f4511931eff58f549fffc12,2016-04-06,2016-06-25,80 days 00:00:00.000000000,80
ce577ac73e9022772835abf8d37e91d5,2016-04-11,2016-04-21,10 days 00:00:00.000000000,10
ce5b4b1624afd0dd514e8997a2a1ff1d,2016-04-06,2016-04-22,16 days 00:00:00.000000000,16
cea2a4389f823240e8dfbc3ea95e42f0,2016-04-09,2016-06-15,67 days 00:00:00.000000000,67
cf27028c2fe4a9fe00795d0d4dd23a18,2016-04-08,2016-06-26,79 days 00:00:00.000000000,79
cf6f95dab8e87ebc3405e8b6fc02137e,2016-05-01,2016-06-26,56 days 00:00:00.000000000,56
cfa62004631bfdbb0d9f842d69cc502d,2016-04-13,2016-06-26,74 days 00:00:00.000000000,74
cfa9233eafdbccac8d2a864b0df390d4,2016-04-06,2016-05-03,27 days 00:00:00.000000000,27
d093196b2758f39a4548faed9e365d89,2016-05-03,2016-06-24,52 days 00:00:00.000000000,52
d0f374c7d36c93ba0772626d4c4e6f7a,2016-03-30,2016-06-26,88 days 00:00:00.000000000,88
d1576672b9ddf17e405ad295e66048ba,2016-03-29,2016-04-18,20 days 00:00:00.000000000,20
d1b2185245eeac47821e98471c915947,2016-04-21,2016-05-30,39 days 00:00:00.000000000,39
d27b078b9f801a979bda2687ef91159a,2016-04-19,2016-06-26,68 days 00:00:00.000000000,68
d28f88b9d68ac9a2c0586728bdc91bcf,2016-04-08,2016-06-26,79 days 00:00:00.000000000,79
d2fe91351bb890ca8ea9b76201b05964,2016-05-09,2016-06-01,23 days 00:00:00.000000000,23
d3121b735af2bb94568c8070aaf05110,2016-04-04,2016-06-25,82 days 00:00:00.000000000,82
d31eded9263eab43f614eecc6a52a0f5,2016-05-07,2016-06-24,48 days 00:00:00.000000000,48
d42d0642a28cb2d7415bc7176fdfcb9c,2016-04-11,2016-06-23,73 days 00:00:00.000000000,73
d4867a7af060ee2a814c6be63b48473a,2016-04-20,2016-06-26,67 days 00:00:00.000000000,67
d499ea144d46d394e7ece7dc53e9fd41,2016-03-30,2016-06-26,88 days 00:00:00.000000000,88
d4aa396834f13300174eabfaf0b40b50,2016-05-12,2016-06-18,37 days 00:00:00.000000000,37
d4eaaf54bb4d9446ec26ce36f33ef94f,2016-04-06,2016-04-28,22 days 00:00:00.000000000,22
d500e63eb4adbab2fb34140565ae4d20,2016-04-11,2016-06-26,76 days 00:00:00.000000000,76
d54674169d8b98851d54d79405c5d261,2016-04-01,2016-06-23,83 days 00:00:00.000000000,83
d60d9f944d86cc7539bb6b7a11646149,2016-04-08,2016-06-25,78 days 00:00:00.000000000,78
d6277e6596f855c87627312e947e4f9c,2016-04-10,2016-06-25,76 days 00:00:00.000000000,76
d6758947058995dbeeabc5e812c00cea,2016-05-04,2016-06-25,52 days 00:00:00.000000000,52
d787d7b7e3798edd7498b9cbd9b59206,2016-05-14,2016-05-22,8 days 00:00:00.000000000,8
d7ae05b007ca320a0d1fb128ccced638,2016-04-04,2016-05-31,57 days 00:00:00.000000000,57
d7e035984d4fba2d14bc37f1992a061f,2016-04-13,2016-04-24,11 days 00:00:00.000000000,11
d7ecbe31d65faefa7c5314baafd6c4ce,2016-04-12,2016-06-25,74 days 00:00:00.000000000,74
d876df0212e45f5a630b89f5a04532fa,2016-04-26,2016-05-10,14 days 00:00:00.000000000,14
d952de85df73349f0280fbb2345148ae,2016-04-23,2016-05-22,29 days 00:00:00.000000000,29
d967f5296732fa55266b5f1314e7447b,2016-04-09,2016-06-26,78 days 00:00:00.000000000,78
d9b4803fb9c57a061205f7376aed60a5,2016-05-13,2016-06-25,43 days 00:00:00.000000000,43
d9ef4b835e202c9b24315b999894362a,2016-05-01,2016-06-26,56 days 00:00:00.000000000,56
da3325f424c71942ca8a3401615a0e6c,2016-04-04,2016-05-29,55 days 00:00:00.000000000,55
da436a25d31e42fa12c800bacf3d8032,2016-04-27,2016-05-02,5 days 00:00:00.000000000,5
da8f13b0ebc53fe1147d982f087b5806,2016-04-05,2016-05-25,50 days 00:00:00.000000000,50
daddf0bdb8874309dd07bd9d91396166,2016-04-24,2016-06-15,52 days 00:00:00.000000000,52
dae249fc394c9bdf02f7d8bb1ff55733,2016-04-12,2016-06-21,70 days 00:00:00.000000000,70
db63522a6a88af9b817df48e3f6bad15,2016-05-10,2016-06-26,47 days 00:00:00.000000000,47
db9cf75a3edf5b1d38fdf560682cec48,2016-04-07,2016-06-26,80 days 00:00:00.000000000,80
dc39121d4440ef9d34bb2cfac0f1bf2f,2016-03-30,2016-06-24,86 days 00:00:00.000000000,86
dc5fe88ac0b99e77e8630795cfc16981,2016-04-01,2016-06-13,73 days 00:00:00.000000000,73
dc9a5809e396367a5a0767ac9226a64f,2016-04-21,2016-05-06,15 days 00:00:00.000000000,15
dca7c0d776c64df418bf3b63756927c2,2016-04-17,2016-05-02,15 days 00:00:00.000000000,15
dccfed81fccb496e10c26074253a1330,2016-03-31,2016-06-17,78 days 00:00:00.000000000,78
dddf432269175b67f5d9c55c3b36bdef,2016-05-12,2016-06-26,45 days 00:00:00.000000000,45
ddee9dcc776c7b87e68628ffa0f99dc7,2016-04-13,2016-05-30,47 days 00:00:00.000000000,47
ddf9fad53fff9a2f2ded181e1144b47f,2016-03-31,2016-04-15,15 days 00:00:00.000000000,15
de0746635475c2be3d26489184659460,2016-04-18,2016-06-03,46 days 00:00:00.000000000,46
de5fed97bda5c8aeca0d5c6a47f2deec,2016-04-13,2016-06-22,70 days 00:00:00.000000000,70
de9e048c789a0ddc487baae5929f51f9,2016-04-05,2016-06-25,81 days 00:00:00.000000000,81
ded0963ff2f6582b382b72de6f123a08,2016-03-29,2016-06-07,70 days 00:00:00.000000000,70
df11122e91571fcd91143da33fd3542a,2016-04-30,2016-05-14,14 days 00:00:00.000000000,14
df9ab418e87b21319bdfe389a4552e08,2016-05-15,2016-06-26,42 days 00:00:00.000000000,42
dfe29c1db80f470f4fa8046bc7e5d8a0,2016-04-09,2016-06-04,56 days 00:00:00.000000000,56
e02f0f208e1f02b7672ff2ed8bd1bcd3,2016-04-18,2016-06-23,66 days 00:00:00.000000000,66
e0449ff246754057062a6331c7a7b661,2016-04-18,2016-06-26,69 days 00:00:00.000000000,69
e0493acb44c53e68e3c3aca626cd466b,2016-05-07,2016-06-01,25 days 00:00:00.000000000,25
e065a88039052c0f4e552886fab4d99f,2016-04-21,2016-06-26,66 days 00:00:00.000000000,66
e08a1154c61bfa0adb7a029eed7df122,2016-04-05,2016-04-26,21 days 00:00:00.000000000,21
e0a98706329350c48ea450d1705bdd86,2016-04-04,2016-06-26,83 days 00:00:00.000000000,83
e0e3594e7d43742458a79799c7a5dd6c,2016-04-01,2016-06-22,82 days 00:00:00.000000000,82
e0e76adfaac64932530b49127890139c,2016-03-31,2016-06-26,87 days 00:00:00.000000000,87
e121472f6b4dd372dfceb87c7e30cbac,2016-04-15,2016-06-02,48 days 00:00:00.000000000,48
e1970a13e4fbb03fee21f66f7a97f5eb,2016-04-21,2016-06-25,65 days 00:00:00.000000000,65
e1b7e1ea030de78f88501a832cb007b2,2016-05-04,2016-06-26,53 days 00:00:00.000000000,53
e1d2df8059744cac678fbdc113e9e697,2016-03-28,2016-04-14,17 days 00:00:00.000000000,17
e225e4363d4ef824640866378d49a878,2016-04-26,2016-06-26,61 days 00:00:00.000000000,61
e246b5012a29db02ad24ce4b7e332b9b,2016-03-29,2016-05-21,53 days 00:00:00.000000000,53
e253f0cb570353173a73119dcc0e54d2,2016-05-11,2016-06-26,46 days 00:00:00.000000000,46
e26a411f427d8387e1244ece6053c940,2016-04-18,2016-06-23,66 days 00:00:00.000000000,66
e2dc374288c7edd10ce6647a8e6ae548,2016-04-13,2016-06-26,74 days 00:00:00.000000000,74
e31ae4a7e10b56e18f3f988fe48acbcb,2016-03-30,2016-06-23,85 days 00:00:00.000000000,85
e3306c36e5fe929405591869e0ee98d5,2016-04-24,2016-06-26,63 days 00:00:00.000000000,63
e33e7bd3f983ccbc3014e3689b1062f7,2016-04-22,2016-05-21,29 days 00:00:00.000000000,29
e35d490b495edf857a448653e036bd44,2016-03-31,2016-04-14,14 days 00:00:00.000000000,14
e38156350137c3a0df6b4b43c002ce0b,2016-04-23,2016-06-24,62 days 00:00:00.000000000,62
e4038e6006053cadf0bb2f8795e6c9eb,2016-04-24,2016-06-26,63 days 00:00:00.000000000,63
e4f3a9d5cf57b9b518136afd9757f76d,2016-03-28,2016-03-31,3 days 00:00:00.000000000,3
e58dab18de6e4134d8b232e57ce1d86e,2016-05-10,2016-06-26,47 days 00:00:00.000000000,47
e610084768b3d8313be3a7dd22e5e5e7,2016-04-06,2016-04-25,19 days 00:00:00.000000000,19
e61357801b8cc7a4b40cf736e6890972,2016-05-12,2016-06-26,45 days 00:00:00.000000000,45
e64f09e2fba9abd0daf0668bbcd7ae97,2016-04-28,2016-06-23,56 days 00:00:00.000000000,56
e67fc482899bea76fa32d6274607140d,2016-05-07,2016-06-26,50 days 00:00:00.000000000,50
e72a4e847306ddfd0540d630c79b33e4,2016-05-06,2016-05-20,14 days 00:00:00.000000000,14
e76529a86a5efc221a88a6c91a75ea59,2016-04-19,2016-06-26,68 days 00:00:00.000000000,68
e8b60c6f666907603bb5d70aa8cc6c80,2016-05-07,2016-06-25,49 days 00:00:00.000000000,49
e8d73d55baeb522ef8843cb54cd08df0,2016-04-02,2016-06-26,85 days 00:00:00.000000000,85
e8efeab7179493aca6effda3bf21833e,2016-04-27,2016-06-22,56 days 00:00:00.000000000,56
e91240606aaab23860bfba718c858d30,2016-05-12,2016-06-26,45 days 00:00:00.000000000,45
e9555a277c135c402a14d12b819de1aa,2016-05-02,2016-06-25,54 days 00:00:00.000000000,54
e9651415a968663e49b62c29e5d89137,2016-04-14,2016-06-26,73 days 00:00:00.000000000,73
ea1f8d9a6f34043a8e8a3f78dbda7f9a,2016-04-05,2016-06-14,70 days 00:00:00.000000000,70
eb48fcd046d9d869a6c6eccd90392480,2016-04-22,2016-06-25,64 days 00:00:00.000000000,64
ec1637dbd16bb38ec0b5a93c14373364,2016-04-27,2016-06-24,58 days 00:00:00.000000000,58
ec27575c98217627a852f24fe4233e5d,2016-05-02,2016-06-19,48 days 00:00:00.000000000,48
ec78920915122cbe500fcb475a8fb5d3,2016-05-08,2016-06-26,49 days 00:00:00.000000000,49
ec91bf40df64a813b83c67f46118de37,2016-04-26,2016-06-26,61 days 00:00:00.000000000,61
ed0c7d2a0d5f60d527c0c3643495ddca,2016-04-28,2016-05-28,30 days 00:00:00.000000000,30
ed1aeb39f5da7d42d10a92653319b951,2016-04-06,2016-06-17,72 days 00:00:00.000000000,72
edc891e47623366a2aaa2b1a32ae1fa1,2016-04-15,2016-06-25,71 days 00:00:00.000000000,71
edca8abe7dd3a699bde27f9241e73dda,2016-04-26,2016-06-02,37 days 00:00:00.000000000,37
ee8b2edb7ef82ae69ccc57bba1889a40,2016-04-05,2016-06-25,81 days 00:00:00.000000000,81
eeb00fe9de3e348006f6f7128e6cf4e3,2016-03-29,2016-06-24,87 days 00:00:00.000000000,87
eece82fe623b4bb335a9b9e20eb0ca54,2016-04-28,2016-06-26,59 days 00:00:00.000000000,59
eedb2d3b82cd4276804c339cae45fef4,2016-04-22,2016-06-26,65 days 00:00:00.000000000,65
eef12344364d2a2e1e2d581287cf9cd8,2016-04-09,2016-06-26,78 days 00:00:00.000000000,78
eef2e2ad223c5c824565b3d98086e7fc,2016-04-05,2016-06-23,79 days 00:00:00.000000000,79
ef3970fc96947901f21cb6dff853b8a8,2016-05-06,2016-06-26,51 days 00:00:00.000000000,51
ef3e90cd957439dcf1a2afcfc4b0cad7,2016-04-26,2016-06-26,61 days 00:00:00.000000000,61
f0124196d19be156b58f64700fdac7e0,2016-04-21,2016-06-26,66 days 00:00:00.000000000,66
f06398053a230bf914041eb897dc8d62,2016-04-09,2016-04-21,12 days 00:00:00.000000000,12
f0df79d10df44f18742682108b17f60a,2016-03-28,2016-06-24,88 days 00:00:00.000000000,88
f129b4923a3e5d5f676a592a8e4b7efd,2016-04-12,2016-06-06,55 days 00:00:00.000000000,55
f14169430d2a1ccb92266e8fb27b5bb7,2016-04-12,2016-06-26,75 days 00:00:00.000000000,75
f17cfca756365f6863a241ea96ab9f75,2016-04-16,2016-06-26,71 days 00:00:00.000000000,71
f193cf4d5de76b20688d759ea7c66312,2016-05-03,2016-06-26,54 days 00:00:00.000000000,54
f1a2419d56c2a09edf4030caeebeb5b6,2016-05-03,2016-05-27,24 days 00:00:00.000000000,24
f1b4411717c78f67380366c2a16a4d1e,2016-03-28,2016-04-27,30 days 00:00:00.000000000,30
f2a9db857bbd5fe385ed59d8f2e89621,2016-04-23,2016-06-23,61 days 00:00:00.000000000,61
f395649fb47860aebc4817c7a6ea90e6,2016-04-14,2016-05-30,46 days 00:00:00.000000000,46
f467b8de5a37d9a818c0cbb557089c55,2016-05-08,2016-06-15,38 days 00:00:00.000000000,38
f4b761ebd4f310f03e5e7f79b925ef4f,2016-05-05,2016-06-26,52 days 00:00:00.000000000,52
f54b6feed73d306d44d8fba250bafea8,2016-03-31,2016-06-20,81 days 00:00:00.000000000,81
f5efba2f8019f9eff955fa20312d0639,2016-04-10,2016-06-26,77 days 00:00:00.000000000,77
f696de645de36b56677457d2d3136524,2016-04-20,2016-06-16,57 days 00:00:00.000000000,57
f758703e18f588f2370783f8b779e664,2016-03-29,2016-04-29,31 days 00:00:00.000000000,31
f7858e1e354a9fa26b3055bc12a4ee5b,2016-04-19,2016-06-24,66 days 00:00:00.000000000,66
f86eb77e1cefe28e9f0e9d3775fae261,2016-03-28,2016-06-23,87 days 00:00:00.000000000,87
f91254f1c1b3112ef3464e477d23c9e8,2016-05-01,2016-06-05,35 days 00:00:00.000000000,35
f98673773627b4b8d152e2b168b85bb2,2016-05-15,2016-06-19,35 days 00:00:00.000000000,35
f9aa6d69d74e786544027a1ab3049f44,2016-04-27,2016-06-24,58 days 00:00:00.000000000,58
fac81ea6cbd540c89c7eee17e851a233,2016-04-30,2016-06-04,35 days 00:00:00.000000000,35
faebff3d5429ff2036c125a91df765c8,2016-03-28,2016-04-25,28 days 00:00:00.000000000,28
fb83fc6555a4f700fd92630d9fcb9cea,2016-04-28,2016-05-27,29 days 00:00:00.000000000,29
fb903879c556260ae2604ae0c45cb92a,2016-05-02,2016-06-19,48 days 00:00:00.000000000,48
fba8372d56b91b1bff7b71d970b5af58,2016-04-01,2016-05-30,59 days 00:00:00.000000000,59
fbe0433e5b1a3db9dc9d6ed21efc6148,2016-05-08,2016-06-19,42 days 00:00:00.000000000,42
fc3504d2efaaaa976a33b3c856927155,2016-04-24,2016-06-26,63 days 00:00:00.000000000,63
fc83b793850ea70d9e898afd0b3ef592,2016-04-15,2016-06-26,72 days 00:00:00.000000000,72
fd2130d0d215069168dc2f79c1f5ae44,2016-04-08,2016-06-26,79 days 00:00:00.000000000,79
fd39748ba122e84e9ac492e6fb7c7a05,2016-04-17,2016-06-26,70 days 00:00:00.000000000,70
fd831ca1d79ae5c6fc3a679a22e5b8cf,2016-05-07,2016-05-23,16 days 00:00:00.000000000,16
fda96e6cd3395dfae3e59cd4ac95f7d7,2016-04-30,2016-06-26,57 days 00:00:00.000000000,57
fdbee494c73577d5b1266d1fec5c6c9a,2016-05-15,2016-06-11,27 days 00:00:00.000000000,27
fde60697758e68d617f471e49f65db75,2016-04-25,2016-04-30,5 days 00:00:00.000000000,5
fdff1a7205bc3b9ab1dc5dc223782fc5,2016-03-31,2016-06-25,86 days 00:00:00.000000000,86
fe35f74209d1056dd315ddb17681203d,2016-04-05,2016-06-25,81 days 00:00:00.000000000,81
fe469488a23d4bdda47b83a659dcc103,2016-04-16,2016-06-26,71 days 00:00:00.000000000,71
fed19d671569afe8a2f9fa0953dd25ca,2016-03-29,2016-04-24,26 days 00:00:00.000000000,26
ff419a3476e21e269e340b5f1f05414e,2016-04-26,2016-06-26,61 days 00:00:00.000000000,61
ff714a67ba8c6a108261cd81e3b77f3a,2016-03-28,2016-06-17,81 days 00:00:00.000000000,81
fff482c704d36a1afe8b8978d5486283,2016-04-08,2016-05-12,34 days 00:00:00.000000000,34
fffecccc49436c5389075b13209f0dfa,2016-05-06,2016-06-26,51 days 00:00:00.000000000,51
ffff51a71f2f185ec5e97d59dbcd7a78,2016-05-04,2016-06-26,53 days 00:00:00.000000000,53
