driver_id,avg_ride_distance,avg_ride_duration,avg_ride_prime_time
002be0ffdc997bd5c50703158b7c2491,6282.624548736462,798.6931407942238,19.404332129963898
007f0389f9c7b03ef97098422f902e62,3791.3225806451615,661.1935483870968,20.161290322580644
011e5c5dfc5c2c92501b8b24d47509bc,7930.970588235294,858.9705882352941,19.852941176470587
0152a2f305e71d26cc964f8d4411add9,7702.821989528796,913.7225130890052,10.732984293193716
01674381af7edd264113d4e6ed55ecda,8329.717333333334,953.1813333333333,12.533333333333333
0213f8b59219e32142711992ca4ec01f,6499.65,749.4916666666667,10.3125
021e5cd15ef0bb3ec20a12af99e142b3,4861.698113207547,951.8301886792453,22.641509433962263
0258e250ca195cc6258cbdc75aecd853,8160.970198675496,891.2417218543046,11.589403973509933
028b5a4dcd7f4924ebfabcf2e814c014,8133.94214876033,965.7548209366391,10.950413223140496
02d6a6b8a6da15fc219a9570f7ebbe78,25801.91935483871,1556.241935483871,3.629032258064516
02e440f6c209206375833cef02e0cbae,8133.482142857143,893.2321428571429,14.285714285714286
036f3d94e7c65e4e3574822d31c72656,7768.5392156862745,986.9117647058823,12.745098039215685
039c5afbca8e03e4c18d9c8ea94140ac,6461.894736842105,800.7894736842105,11.842105263157896
039da9c077e17af98ca8530e4d7975f1,5369.154040404041,765.4873737373738,22.348484848484848
03f2b5c74cb89f39e58711699e76bf39,6093.798206278027,960.542600896861,14.798206278026905
03f5278eb43475aa6790f5be32463755,6123.767567567567,870.2513513513513,18.85135135135135
0430df9a3eb327122c57ee3a64765000,5912.790697674419,828.8139534883721,7.558139534883721
04c4ffa5a385eab86fa7e422263d2999,8476.236363636364,1042.6181818181817,26.363636363636363
04d686ef2fba281e395992a28f14fdd3,8128.455974842767,852.4748427672956,15.015723270440251
052bba06c5fc0bdea4bc2f9cb92b37c7,6460.964285714285,839.3928571428571,15.178571428571429
056175954c78be4c4de7e80167b7e1f9,4832.138461538461,622.2615384615384,6.153846153846154
059ed570673c2d15ca11dd6b3a25513b,9805.25,1016.6875,10.15625
05addf442c147875efa5cf53453ad47b,6532.0261627906975,866.8662790697674,23.982558139534884
05bad02e08c7f849e91dc1259da8b4ec,8910.45652173913,923.8695652173913,16.847826086956523
0656192a402808805282e60761bda088,8383.263492063492,796.7238095238096,15.634920634920634
06b1ba06e5505f8218ec8686498f990a,5045.386363636364,797.8636363636364,27.272727272727273
06c848ab3a7fc5421e82e98850a81710,6292.9275,793.84,12.75
07dd442e3e0b9f0f9b0d69c7b47cbb06,5871.104895104895,877.506993006993,9.877622377622378
07e6a2fdaadc640cca9a7bec41351065,4821.772727272727,692.1363636363636,17.045454545454547
081d8ba3bc9a00a481df02bd9d0a4c53,4769.625,804.5,15.104166666666666
0822973f3e812a68a867962dbbd37f5d,4996.194444444444,707.8888888888889,15.972222222222221
08a1491d6a804e0af969f08252ddbbd8,6684.922942206655,935.8178633975482,21.278458844133098
08b2b063cce8d02495c4b880293f153c,7286.285440613026,958.5613026819923,20.114942528735632
0938ed763cb3129ae63607aaf69daff5,3895.4473684210525,809.5263157894736,8.552631578947368
0abc4faab8bbdf4d62412655fe0a2398,5598.652173913043,682.0,23.369565217391305
0afc0241296972b583debd7c5f5c707c,6101.677570093458,878.8177570093458,19.39252336448598
0b10af0ede0648dbe6ae05813c5cbf1b,6103.184210526316,633.7105263157895,17.105263157894736
0b631e16fa61f7321da18cf35a076d5f,6053.5,864.1751269035533,25.31725888324873
0c02bd2b09f7193103279ab9b760b777,6308.512121212121,781.3333333333334,11.212121212121213
0ca501b2a1d72e80e0d0cd2c25bdd124,5308.698113207547,819.433962264151,18.0188679245283
0d53c0441daccbb9022ccdcd2a58c7f7,5895.325,856.05,11.875
0d993c2eba3d9dd2e60ecc8814618931,12568.081967213115,1075.8196721311476,4.713114754098361
0e7f0f05c7e193b1774c2e5713741cd4,9304.10294117647,942.4117647058823,8.915441176470589
0ed6cac7a3e2f1b324f50086f288bcfc,5875.035087719299,969.421052631579,12.280701754385966
0ef7e21012a26a8f3678f02c211488ae,7771.067796610169,797.728813559322,13.559322033898304
0efa2b92642c1e6db77406bb3761baf4,4932.447976878612,798.849710982659,24.34971098265896
0eff1404b137a5562642f0f706e59f25,5254.2,663.2666666666667,6.111111111111111
0f057c0c73054f569a59a0880b91cbb0,14220.25,986.65625,5.46875
0f346940b7c9dc770d408b1063ed2f81,7296.974358974359,976.0384615384615,26.976495726495727
100979abe35f7761f333bb7e63649767,6556.787234042553,880.2574468085106,12.819148936170214
10570128e114c22b855f1155b88fb379,6202.4182242990655,885.231308411215,15.82943925233645
10ab4d373b29fb6ee31ae2b7b39fc574,9594.6875,924.0625,14.0625
10d2c35bb4b440aa1eaf06d477ff27a6,11942.125,1093.525,16.875
110484e77a78d2e441af9a01a7bf4ce6,7847.674418604651,862.8062015503876,21.705426356589147
1110d496149d3d8c50276765924df831,4412.071428571428,902.7857142857143,11.607142857142858
1127af601413f32c08e2a89447e5f3b9,9329.853658536585,934.3414634146342,7.317073170731708
113d6a61dd3bd21e5bc39bc19197f0f4,6396.428290766208,771.6051080550099,7.80943025540275
11506b81721ca68ef019764de3d8edbd,7181.819165378671,941.145285935085,18.083462132921174
117ea72f13b43f0f4055b0472dcb6b1b,8340.842105263158,932.421052631579,1.3157894736842106
118be60e268514eb85f66ddb82bfa407,9677.846153846154,864.5384615384615,11.538461538461538
122972e7c73c944e744e6eca819d93e7,7364.1,808.55,11.25
12933735316b452a5bc6a933d1a38124,5336.896678966789,742.9981549815498,21.171586715867157
133c19880625cbe91986ee3c402866cd,5915.450980392156,1034.5882352941176,18.137254901960784
1340d44ca7946f4192cd80d8f47ce99b,4873.292181069959,694.5761316872428,27.674897119341562
136b51093f684e15e2798e4dc1e23d0c,8803.109489051094,918.1167883211679,20.255474452554743
14183e69946d782c92eb53b3c6eeb86f,4911.375,879.125,32.291666666666664
148fb453d12992652b56d8bc2cfb1b78,5229.827586206897,687.5172413793103,12.931034482758621
156a150f1dbafbb01a786a5f45bdd7b6,5335.431818181818,705.3636363636364,11.931818181818182
15e0ade28a7d24026b2fe91ef528ddf5,5789.141280353201,803.4613686534217,23.73068432671082
162441a5f1b85a5c3780686296c3bc75,10695.780487804877,973.3658536585366,11.585365853658537
163b1ac215580e695280d8f94c687ef4,7946.538461538462,727.3230769230769,6.538461538461538
1674103b16c39ab56a76884b7c2ca83e,6560.031609195402,833.9885057471264,12.57183908045977
1682c469cb12aa06b06d93ab87c3836a,6874.674876847291,808.3990147783251,14.224137931034482
1696be121baad60c7ca8a1c8164b24ad,4490.0,828.95,15.833333333333334
16cd1e08be52741e1516cade45ae7754,9761.295081967213,873.4098360655738,9.426229508196721
17235b165b78a09be9cd7f9abc1e833a,6459.614369501466,890.8460410557185,16.825513196480937
173a168d2b8830525f59be85a35f0000,4786.815789473684,762.1842105263158,2.6315789473684212
175540c364f94b6adbc0ce3541a3254a,9526.981481481482,799.2037037037037,16.666666666666668
179ef343f855d34fa0262c720cdb9a52,6278.0,711.4285714285714,20.238095238095237
17c09e7e39d8ab4bb4e035061d43ecdd,5725.877551020408,710.8571428571429,11.224489795918368
17dd3e3b2551857d6cc8ff106936676d,5039.274193548387,893.6129032258065,25.806451612903224
180284a755fb939181db32b838fd0720,5967.379790940767,721.9686411149826,17.682926829268293
1805f90c5220ac830835df3309a76e78,8010.378378378378,993.7837837837837,14.18918918918919
181396b71a4723deaa02c3dd3ffa9041,8036.2037037037035,897.3333333333334,15.277777777777779
182a0089c24f844efcc4daa5a21eb895,6415.530864197531,889.8024691358024,25.925925925925927
182c1429cf5b585424fe676a632836df,9136.850746268658,901.1343283582089,11.380597014925373
183336ca67d3257c34cb80c9bd4dfb34,4990.671875,785.85546875,32.12890625
186d02f3ae489428440a352e3fe503a4,15084.5625,1232.5625,19.53125
187a5227c531151abd112eef1d104301,5843.341685649203,851.4145785876993,16.514806378132118
19029e596b5c3e45cc6b3cca0640fa58,11745.666666666666,946.3333333333334,20.555555555555557
190abbe65af2b77794e0a6beb37cc613,11285.978947368421,950.0105263157894,18.68421052631579
1925803c42c264e21fdcf0a35fbd2107,5628.543535620052,839.5567282321899,21.503957783641162
1936275dcb0942dc60a378839fae4730,11006.22972972973,951.7702702702703,11.486486486486486
1936720ce0900cbff6d9114328c84bee,8674.423076923076,718.1923076923077,8.653846153846153
1989ad384dd8ab8f43fd19822c36aeac,8557.389048991354,824.1181556195966,7.276657060518732
19daceea26aeb211cb8bf28c8497b6c2,6400.524,981.68,15.8
19e1cdfeaf90239d8585e6a78136a403,5260.871099050203,731.1533242876526,15.50203527815468
1a2af09b492ba2519c5b4aec478642a7,12823.425196850394,1228.6653543307086,15.452755905511811
1aee4c95edf898beee1a8b49a1f898b0,11586.052083333334,964.4826388888889,9.98263888888889
1b3e75000525f6231606ba9fc755fecc,8219.190476190477,1021.1269841269841,27.77777777777778
1b51afba3b72e0259db160170f824f95,6610.535545023697,816.6492890995261,14.454976303317535
1b9ddecea8eb99bc37f9b0711546f1c0,6159.479032258065,729.0677419354839,14.919354838709678
1bcc1e136b0515da625e163be33bbc48,6931.024390243902,916.4878048780488,14.024390243902438
1bcf1520b0837676f006825880b133a9,7677.322033898305,787.5932203389831,19.491525423728813
1c4312919166a0e7cefe6b3ddf1ec9c6,8264.893617021276,917.8936170212766,16.48936170212766
1c44fab20b7f0804c11d88dc0554edf4,6731.487804878048,783.8536585365854,19.51219512195122
1c6e8fbca23da68279d93b2de6eaa3d1,6547.944325481799,760.6017130620985,15.845824411134904
1c95fcac4de21d077072da1ea1705eb5,5455.481481481482,801.8518518518518,11.11111111111111
1cf6fa07dcec364af2acf257b2d3731e,5992.735294117647,703.5098039215686,12.5
1cf95d6dd025d792340b623bcff18260,4824.837209302325,762.4418604651163,13.372093023255815
1d4f979b3f0dda07f55d459c4b69a258,5189.897959183673,830.2993197278912,15.816326530612244
1d5bb1726114e5b950619517a6dd81c3,7353.626666666667,792.6,11.666666666666666
1d789a00290ec2e8a4ae1c704f671caf,6620.090909090909,760.790404040404,16.3510101010101
1d7bc6daa163020694e2a5e636b96a0d,6152.853820598007,800.8305647840532,26.245847176079735
1d92784a09b1d1f85b05508e33261efb,10032.822784810127,968.8639240506329,14.477848101265822
1e581fdbb43900bf8d366cc0ed33ba47,6144.041666666667,707.6944444444445,17.36111111111111
1e836fdeba5bcacf45438c08bfcf4fa3,5801.594356261023,829.2204585537919,16.358024691358025
1e9570c1846c0f79c1ec103f608bc8ee,6312.557077625571,872.2739726027397,19.292237442922374
1eb30783865c10a8abc395e1b73bd578,7499.178571428572,691.2857142857143,6.25
1ed175c60fdf7380fefc804bf4dd75f3,3795.885714285714,584.7142857142857,7.857142857142857
1f83b77c681720ce48d33c21083c27e0,5753.741444866921,921.6235741444867,22.813688212927758
1f8e4a81c9da3260c84f14483319a338,5774.431818181818,749.5909090909091,14.772727272727273
208b04693b8a9ef849d894070537aa79,7922.695652173913,835.3260869565217,18.47826086956522
20f5672c1b6a59b9d5ec09a34ad90e9b,6660.311111111111,873.7333333333333,6.666666666666667
211e4df57e1657e4b97c9dabf2f99697,8879.481481481482,768.4814814814815,8.796296296296296
215263f9135bdd22b0e41659046b150d,6952.07088607595,894.286075949367,16.645569620253166
21eb2a893ddf647ee9d307d873a697b7,5653.952813067151,788.4174228675137,20.961887477313976
220d2d2a94c58c0f7ee7cb1864d5f0c5,6992.905405405405,808.627027027027,20.743243243243242
2231ec7a993e7ce92f79588ccc405e21,11325.692307692309,1033.5128205128206,8.333333333333334
225fb2558cee416b136c9c9231824580,12167.682926829268,953.7560975609756,2.4390243902439024
22ca9510a0c0d97ba66750530ee0e914,7419.6322314049585,795.1239669421487,27.68595041322314
22d43c4cd79a3cbab663d9eadd1e5995,15025.675603217158,1217.0080428954423,25.134048257372655
23017e4c03d224c89b5e3a0550e1bd9f,6297.031390134529,914.8251121076233,14.461883408071749
234bb57cea53cfb13d8faf4a2900341a,6102.159722222223,706.0555555555555,15.625
236af2c3c395a20fd53696a5634abd7b,7695.631355932203,894.9703389830509,6.885593220338983
23d3a2d0f6732d106fbc3d6079ac018d,4639.333333333333,783.4,27.333333333333332
23f2a72a48ef9f44301dbcfd69f8b3f0,7892.261538461538,975.3948717948718,14.743589743589743
2422c0748699c412f9759b2897484061,6107.76282051282,856.9636752136752,14.476495726495726
24708f36edaf58e1c50b06720b536b45,6813.086614173229,825.2322834645669,9.350393700787402
2486ffe6e7e21083d3e7fcf38907c0b4,5514.578947368421,761.4298245614035,34.21052631578947
2494554e7702a28816717bc0cbf7d57b,8799.07075471698,807.2735849056604,10.023584905660377
24b79c598cb070bf049057bd529d3c86,7920.746666666667,882.8177777777778,17.0
24f805c6313acfbc2250cbfd90268b24,9973.066666666668,943.5111111111111,21.11111111111111
25061f5683655c7cc6e503eb0383c96e,9755.574175824177,959.065934065934,23.214285714285715
25827d13d5d988125ef4cc8a2ea3ddc1,5196.928571428572,774.6974789915967,17.22689075630252
258e3bc5c82e3f687b4e999bc598374e,8269.45,1029.325,11.25
2678d03ea513d10988818e77c5915b75,5437.437609841828,814.4463971880492,19.024604569420035
26dd952cf82f0d354e4007476748a1dc,7631.370139968896,872.3172628304822,14.657853810264386
26efe85697b050171e2ac92d11f75605,7871.658798283262,979.1566523605151,14.484978540772532
2715aa38740fc559be08fd54dccd1803,5959.35593220339,775.5508474576271,15.254237288135593
272fc17e9698d95dda029e15b5546534,7013.495081967213,934.7049180327868,20.16393442622951
274a1e97df854e1590ae812ca9ee5ac7,8110.718849840256,1121.4568690095846,16.054313099041533
276f6a36e30c69076c4cab7970ade946,7640.476190476191,1124.3333333333333,29.166666666666668
281274ed70a896744065199c58462f3d,12353.020833333334,1139.8125,12.5
28e4da66781b209cd9a299365a0dcab0,5815.555555555556,817.1851851851852,7.407407407407407
290c05b6d7e38c64bae2535b5d1d27f2,8772.219512195123,995.4420731707318,12.423780487804878
297e507cc9f1da096e51c2223657255b,8057.302721088436,977.295918367347,15.943877551020408
299507a03373935d7a89a9fd6a6c0e46,8918.981481481482,927.2962962962963,11.574074074074074
29ca037d71b4a5934ae4528d050daeef,9936.524096385541,963.5722891566265,7.680722891566265
2a190f6b01dba26d00d3b644a268ba75,9723.731292517006,880.3673469387755,9.693877551020408
2a289b5c712e32bfb651b126cbe4e5bb,5953.485477178423,936.2323651452282,14.107883817427386
2a4afd4ab156dd0a6a0dc48bdf5d8db7,7837.428571428572,947.2142857142857,16.071428571428573
2aa41b072dc16081ebe60ad5b17f5a4c,7374.588235294118,905.5511982570806,16.39433551198257
2b1f99b4f3360623da8fdcd39828122e,11457.04858299595,1087.6113360323886,8.704453441295547
2b4078909534095c15f578c588667bc9,6777.2830188679245,782.3207547169811,16.50943396226415
2b77329ac116a3d1a5334c3fd54bd499,6815.5,867.1604477611941,11.194029850746269
2ba51f9574a5c08327a718edada3e052,6914.8,871.3,14.375
2ba60fe37b426385154d69d8eff687e1,5840.951219512195,759.9512195121952,10.975609756097562
2c00d6d77281fb9f97c1eb711f39b08d,4188.1325301204815,811.7349397590361,20.481927710843372
2c130ea88372d326fb1a0719227627e3,8335.883720930233,979.2976744186046,18.372093023255815
2c985e2b039f99a0eaf86c50a7b1af42,7030.949152542373,671.2542372881356,12.288135593220339
2cc500616c927ce30d0bd1e87c699ef5,8914.382352941177,981.2941176470588,6.617647058823529
2ceb9ff7898dccb3e0a77ea559c6b2f2,7584.021505376344,709.0860215053764,6.989247311827957
2d42e6d775b4399a56b71c2f3d6905ab,4817.580357142857,729.8571428571429,17.299107142857142
2d4c69afb7ac569a35a1c15fcecc1cb0,7746.685649202734,820.2642369020501,18.678815489749432
2da7874cc42c3c94f157bd3fd78369b6,5222.704460966543,881.9795539033457,15.288104089219331
2db4e5237ec8a271bd6269b5ddc9b422,9177.02166064982,944.4187725631768,18.050541516245488
2e4d5b1e1a62e56b3a8f887641379fe4,8083.6672384219555,760.2469982847341,15.65180102915952
2e5d7b104b570a5cf450f6825880c9dc,7912.5142857142855,845.6,12.857142857142858
2e882efad8288189f654defcd3dbcd64,4958.393939393939,643.4242424242424,16.666666666666668
2ebb15757eae00c4c491f569ca1a72a4,4821.588235294118,840.9411764705883,6.617647058823529
2ed0f3c071cdebf30186d2bf0a0c6151,5990.620338983051,732.4440677966102,17.966101694915253
2f29fdfd281552870b7f07152889e0fb,5607.806201550387,831.0581395348837,18.217054263565892
2f3773bd9dab0fa3e04c6f58dc0714a4,5395.384615384615,585.1538461538462,17.307692307692307
2f50e03ac03a920d1447b894643797f6,5429.09375,863.125,20.3125
2fc2b91e6f4452b5a6957a1a79316c07,5347.96875,879.25,28.125
309320204754c3eeb2577949e870fe2d,5704.57603686636,788.668202764977,16.93548387096774
30ba26d095b10a14a5914e247b07e82d,7164.166666666667,847.3833333333333,15.833333333333334
30e91f4104a6b5b0450588d8febddd93,8655.232558139534,720.4883720930233,6.976744186046512
310d41d776c490d00a0845be9b1920c6,5817.397260273972,885.5753424657535,15.41095890410959
314d2be0d3461375f9e9ecf56b2b04ee,8077.244897959184,995.7755102040817,4.591836734693878
3155bb6b7fc081f2cccc4f50c9bea08e,7208.148148148148,801.1851851851852,12.962962962962964
31b451688ffc6f785c22bf74374507bc,7147.878048780488,787.609756097561,18.29268292682927
329870cd7580c9efbc6b62073f89b90d,6115.277777777777,755.0555555555555,7.87037037037037
32b84f6d92b60badb7a8a6c47088151d,9314.871794871795,814.9487179487179,6.410256410256411
32d6b6b2ad34385519bd4492ce78eee4,4181.827586206897,740.5172413793103,14.655172413793103
336a98815390e16a5661d2570374d448,6210.590818363274,767.8203592814372,10.578842315369261
336c8ec2eb47bc1453b85ee78849038e,5650.774703557312,858.201581027668,21.640316205533598
33b7762088cf5b82b8fe6fc291f93b6b,9810.12,816.16,11.0
34699d5745d74c7076fd1ef051b795a9,8532.482142857143,970.0714285714286,21.428571428571427
3474d70dfe09a1d9545f436cd3f3136a,3909.095238095238,753.7857142857143,20.833333333333332
34784d7e4e1ee4869f10d9abeb4ad3fa,7090.3089171974525,785.9585987261147,9.235668789808917
34c0cce7c3c34f9f6062b697637890b2,6548.117318435754,782.4189944134079,23.324022346368714
34e2c40d9d6f01ec4a0ffed4b032ec1e,8384.279069767443,1012.1860465116279,24.41860465116279
3575446a7484516f5593add3ddd37451,11650.915601023018,1050.8925831202046,11.381074168797953
35c3b0390b6f80657c53fb46b13f0a9e,9459.047619047618,877.2380952380952,10.119047619047619
35db61ddf8e29d55a2d355ed0f9166d8,4767.8536585365855,993.7560975609756,21.341463414634145
35fa59db20f02b89264c5a97b94d7785,6725.818181818182,849.969696969697,8.333333333333334
360986407495af6c54b95e399891890c,8270.788461538461,982.5865384615385,18.509615384615383
363f684a638dac345e67fbb78e492efc,8887.62801932367,951.6521739130435,19.565217391304348
364c929f1d6535aa17df83ebcb349e87,6063.1259842519685,803.2440944881889,22.637795275590552
367091701b7a57ef3e93c9fe2f6d3b3c,5614.318181818182,723.2272727272727,10.795454545454545
36de1e085fbd8f354dd3192571cece32,9055.73076923077,849.6730769230769,16.208791208791208
36df5bf5a89917fde3573e7c960c2097,6926.6370656370655,931.2509652509652,18.33976833976834
370412f2a2747c1fdf8e807374c04a3d,6247.779874213837,738.559748427673,20.59748427672956
370e9f95700973dd95508e2f39b2bd29,6773.1578947368425,794.280701754386,8.771929824561404
3777e15bb2eb838394a372e119d96462,6191.379310344828,878.9310344827586,15.517241379310345
3788dc9e91f1548816ce8b5af07ddadc,7880.242656449553,995.9093231162196,23.116219667943806
378f8bfcef6759b1e6b0e66b04424f54,5984.038626609442,821.3948497854077,15.236051502145923
37ac4f9379c836b08c9a6e2315fd66af,4824.159090909091,827.3636363636364,57.38636363636363
383f5c018cf7ffbf2471c87a9d24414d,5743.169642857143,767.9285714285714,20.758928571428573
38510028b6d34d1b1339fa4e70783563,5856.350678733032,863.762443438914,14.536199095022624
3857da988688981b67c878fc179eb0dc,7871.926315789474,829.9263157894737,21.05263157894737
387fb3e0e515f38826f70eb475a3bfb6,5409.653266331658,747.2914572864322,15.829145728643216
392e07cd00f38f357ae73795619fd0e3,5979.121951219512,824.2082551594747,16.838649155722326
392f50e58bee8a34399972bf0cb175d3,5370.302491103203,819.2206405693951,32.02846975088968
39610183ef179aff12f730a549e7d6f4,9647.682242990653,902.9532710280374,11.214953271028037
3995e14ef393d59d46cfb69a1c5bd8ee,6353.042105263158,908.2105263157895,11.31578947368421
39a7bc235caf53556b15dd28ab5a7157,7048.575057736721,922.9214780600462,20.727482678983833
39eedffe18d7ec6c53741f9d46c7ab51,5968.333333333333,766.5028735632184,19.683908045977013
3a1d9fb7a8cfd55ae38d1b4fb1520d1f,6801.676646706587,887.3832335329341,14.820359281437126
3a52faf7577b389cbe9912652cbad33c,6636.043604651163,788.2732558139535,14.38953488372093
3af5c66b6800650cebac636822ac14c7,5918.64705882353,806.9943977591037,17.296918767507
3b2dca5cc3db92a05ea35056887108b6,6554.884615384615,795.2692307692307,7.6923076923076925
3b6ae24dc593e6609bf90a1b80630439,10382.966101694916,1266.5593220338983,7.627118644067797
3b7f314bfe75abaa6718399d534ccf47,6505.7292307692305,829.0369230769231,20.76923076923077
3b87648d266e62600ff719b691fd8562,5074.852216748768,908.6453201970444,16.379310344827587
3babf7dbd39edd11603dcd53e50dc050,8921.866666666667,1083.8,17.5
3bfb185b9491beb56fc10b6212c6c9c2,6154.656488549618,835.6870229007634,19.147582697201017
3c69563a9561f995598ed81f1f5c331a,6819.594458438287,915.4030226700252,29.282115869017634
3caf85a7d6b8f5615fbc21e8310af584,5017.934931506849,726.0239726027397,17.208904109589042
3cb09b3c900f71e1f7bd7686eeb221eb,6679.295774647887,844.8591549295775,11.619718309859154
3d2fa009a9f144706ad28ec9348f5960,6192.36858974359,950.2019230769231,21.314102564102566
3dad0a540eaab6fa876e4938d728efae,8374.080952380953,906.3,13.80952380952381
3dec7f876bb8b281df66b46469c79393,9185.391304347826,1009.304347826087,13.58695652173913
3e66ede2d283842c643b6b623d0ca168,5580.958333333333,692.2083333333334,18.75
3e8d06b82eb75b584564ce66217b3514,8087.330827067669,1000.5,24.24812030075188
3f2ee0f16084bb99e8423807273c5816,7022.2,800.5,11.136363636363637
3f62bb3b6a5ccddae37ff2fe3bfb3efd,5405.858520900321,869.855305466238,22.34726688102894
3f79678c849eca6b438bb3d4bb59a5c6,5010.20725388601,788.7979274611399,18.911917098445596
3f82d353964869022a995e87b480a901,7534.405498281787,872.955326460481,12.714776632302405
3fcdb7a637be76b45ad806d4f832c966,4583.296650717703,840.9665071770335,10.047846889952153
40061a1bbba0ff209c889094d24f6032,9245.632516703787,934.1514476614699,12.026726057906458
4008627b85a36afa46e22ecf513fc699,7409.96835443038,934.0253164556962,21.360759493670887
400daded5197f955191887cd567338ee,9801.691176470587,974.3529411764706,14.705882352941176
402ce9ac2db62fcb5fe29ba1d40566c7,5949.722543352601,747.956647398844,21.67630057803468
4125bef57464803d018cacc1d3f08f74,6596.940170940171,668.6965811965812,9.294871794871796
415fbbda45a4a410e3122e3c992ace42,8470.19624217119,956.2171189979123,17.79749478079332
417055c67f5510da99ac623b02b87847,6945.461538461538,722.5384615384615,21.794871794871796
419eef26d8db5ccac04bf5d87af8059a,6029.604395604396,728.9395604395604,18.956043956043956
41c0c615fda333c60ebefa9a2be40e28,6010.076923076923,931.2747252747253,13.461538461538462
42256e33936dfa69088f540a720edc97,7520.657142857143,917.3428571428572,25.0
432754fe9722d008cd7328f34852de61,11368.963855421687,837.144578313253,8.132530120481928
4343b3dc4ad77e98d38808b64003bee0,6538.474885844749,890.2374429223744,18.835616438356166
434adfc83c625f393595207cfff91ef2,5085.669950738917,696.9901477832512,21.428571428571427
43c0c8c440fc623a2ef193d5b2230947,5211.814814814815,910.1481481481482,20.37037037037037
440abd26a1c60ce02351bf1823d2d46d,8125.484641638225,895.0511945392492,15.998293515358363
44198b15df35d0827ebef271b6264727,5517.665012406948,857.0,19.789081885856078
443cf8f9119a8fc409780159c46d2de7,8306.523404255318,917.6127659574468,15.53191489361702
44509b1a5d4f1ad8350076d754ab1cb5,6356.106481481482,944.8703703703703,21.412037037037038
446b609957a142e8834dc88cebb7dee0,5178.203389830508,834.9943502824859,18.785310734463277
446ffe55730ace4059f02a4806018a08,9335.75,841.8214285714286,32.142857142857146
44b7669c8f7ec8b8e592f150c7ee7fa2,5640.701492537313,793.6149253731344,18.432835820895523
44e9f61af64c2d25412a0f4532ada63c,4994.702127659574,627.1702127659574,10.638297872340425
455ec8a8532948fe2c5e308af37216a1,6815.130801687764,828.0632911392405,20.042194092827003
456467f01492ee1aeb7707de5c725f1c,12739.733188720174,1119.765726681128,14.804772234273319
459af73e5a9d360ff51cf284c571f01b,5634.25,747.3888888888889,13.194444444444445
45ebd51300bd4bcc529a11a855827db4,6303.096470588235,830.8894117647059,14.411764705882353
46b9dc30efea1755f8ada69668793bf5,8706.25,816.8571428571429,30.357142857142858
46da643aa47256fef0822a2f288e115b,7071.692307692308,806.2358974358974,18.58974358974359
46e1da1c7fe0602747beb9fe6bbaf037,4874.787878787879,698.6363636363636,12.121212121212121
46fcd24790c5eae35fa517051024bfe7,6683.060402684564,769.5134228187919,15.268456375838927
4705afcfaac4e4bd293f613e3b01598f,6386.49375,884.115625,16.171875
4713aa4cef966a678af02897a0e74043,6653.520179372197,827.9551569506726,21.63677130044843
4742b3f8432af0165e291edc6b8c5e53,9151.285714285714,911.0408163265306,13.26530612244898
479c3dccc06056867dd10c7d9fa0f569,6667.374087591241,827.8631386861314,13.22992700729927
47d53cd40685a32d936cbde7760eb434,6543.303921568628,900.2794117647059,26.348039215686274
48e49f85bb962b1f77ed152cc32dcd0a,6112.907317073171,903.890243902439,18.841463414634145
490a37e876eb5d48f8e56e0d99461b04,8852.5,946.12,22.0
4952bdd8850792b72466848cb4930f10,5872.599118942731,844.193832599119,22.026431718061673
49803452ad1a68e87b448f5129276bc2,7008.372093023256,943.2883720930232,13.604651162790697
4a07b94db0ec6615f30ace6efd2a19cb,7133.19298245614,769.780701754386,19.95614035087719
4aa585f63fbe04dcded4019662cc47f8,5397.380952380952,899.2619047619048,13.69047619047619
4af132c905d92d74454ca4934ee2450a,7470.092511013216,843.5814977973569,14.757709251101321
4af6c062ca397fd6b7bd2fb2a91e5964,8444.188679245282,797.3396226415094,22.641509433962263
4b52c260ac5817566e61009e4bd23329,10409.078431372549,851.4705882352941,14.705882352941176
4bbf15c7280e29c1df6edd7bf6dfa56a,5856.683333333333,802.45,20.0
4bcc817c8aba8c5569e370b238831e77,6087.777777777777,751.1851851851852,6.481481481481482
4c5f4c8887459671e65b68826fe750c3,6833.617021276596,860.9042553191489,15.558510638297872
4d10262d534bd366736dcabc8d37a3bb,7722.458483754513,856.4909747292419,18.050541516245488
4d1e99b879de5fa11e3f5423416f0497,4622.25796178344,883.2515923566879,22.133757961783438
4d40cd073132f01ccef7027f70890b6d,6813.129411764706,932.2235294117647,8.529411764705882
4dc7656f389d5cfcd38bf7870c1ce3e6,7928.9473684210525,913.2675438596491,24.56140350877193
4dd633c46b8d78842b1e9dfb7f6a60e7,7917.589743589743,942.9230769230769,12.820512820512821
4e1fa948dc5295202fa8b7f8062b0d28,8925.037037037036,1056.4444444444443,0.0
4e428667c6bb84323046e5647dfdfff0,9007.0,873.0222222222222,7.222222222222222
4e83cce03deeca174a87faaa046a4750,5657.095384615384,781.156923076923,14.0
4e9bcae1e2305fe1e6b215cb82833e97,5914.329192546584,867.0015527950311,24.06832298136646
4eb382d1f7d50fae1294964263d1ce82,6084.4849578820695,834.8098676293622,21.028880866425993
4f06c1412e8f2c16c96abb053997112f,3730.2285714285713,682.8571428571429,32.857142857142854
4f3187e47f035afbd77a00d4cd536d7f,6095.953125,809.875,14.453125
4fc9091d4e900a41a207ee32a639d658,5468.859813084112,805.2242990654206,10.981308411214954
50eadd94fd0152fd0638a915061c4c94,9390.162601626016,841.8617886178862,9.552845528455284
50ec87212107552181f769bdc522b63d,11233.3359375,990.39453125,7.71484375
512ee3c7f8f9bfa6b7d3d824f5af228d,6710.963470319634,860.9908675799087,11.529680365296803
514da6a81ecbe7cd98fc71045c66aae1,6286.064516129032,826.6451612903226,7.258064516129032
5185567c0a5ec03eddbb003364c82b97,9451.841155234657,959.2707581227437,19.04332129963899
51a82cefe6d4e058ed392ea004572896,6000.237410071943,909.6642685851319,20.323741007194243
51b528390e8e7780595f6009b1f4cf72,5438.379166666667,835.4333333333333,23.958333333333332
51f9f1d1ecab1f433129d22b49b0a5a7,5933.972602739726,756.1643835616438,28.767123287671232
52bc8ebc7db90d5b77453bf475677ebd,5195.148936170212,879.0425531914893,27.659574468085108
52e3ef2a0b9c09c619f2f8c588a03946,6206.515789473684,938.7789473684211,12.368421052631579
531a726b5b0c925a1aa24b5a9d5ac333,5257.282986111111,858.9166666666666,27.34375
53b03eb76e7c0e268c027a6868b9394c,5299.530612244898,676.9047619047619,14.285714285714286
53e554eb940176c64fa8ee10a394f835,5185.868644067797,793.0466101694915,18.64406779661017
5420c76a41d255a40272c8f3c1f93c6a,11414.142857142857,916.6666666666666,4.365079365079365
5479187ed46c2c87abacde90f4d8ed6f,5262.785923753666,785.6451612903226,18.10850439882698
548a85a2fbb4986fd7a632566e8cb9c3,5475.081632653061,766.0612244897959,6.63265306122449
554a4f92c47ec3280d3ca64f5250b023,7845.95,945.0,12.5
55bec90600d21bd3513366d218f2b2f2,6947.903076923077,861.9984615384616,26.76923076923077
55d70545197fd2c5cc68f14f3d5d6585,7631.162629757786,717.3529411764706,14.792387543252595
55d7b17732745057aff29fcd0ce13014,5133.027027027027,968.2702702702703,20.27027027027027
561593fc7dd18e6a78c6ad5e7eef0061,9549.654901960785,831.8196078431373,14.313725490196079
569271b82c506166a23ffcfbf6f854f2,8639.883647798742,908.4465408805031,18.632075471698112
56a4e20f9bb47ad281d6b15e591801a0,6224.605504587156,823.7798165137615,14.220183486238533
56bda1ed3f3299ff6e8465398a498a5b,13711.313725490196,1066.235294117647,2.9411764705882355
5718c878f7879770af94d41951431983,6015.461538461538,960.8974358974359,21.153846153846153
579967d1572ee95c66ffa1ca4077b61a,7990.611111111111,1104.611111111111,4.861111111111111
57c15602f0b088ce6b9e4f88edce149c,6742.448979591837,795.0612244897959,18.367346938775512
57c355d13a3bcfd36b3245d03f3f9d69,10832.022727272728,824.8863636363636,6.25
581129294fc7d1f43a4d1a372515dfaa,5772.032407407408,838.5092592592592,17.47685185185185
583740d998ccdf639276e797a6caa9df,5719.820512820513,716.4102564102565,2.5641025641025643
585b09e7ee2164f95b134866f3f412fb,7025.896825396825,993.9642857142857,25.099206349206348
58d8c3038cd500e773aff605e28ce8a7,9009.86,777.1,22.0
5943b68c2fa8bcfd0add30691fd9136b,10532.101769911504,952.3805309734513,13.938053097345133
5a22303ccd79309f5324acc7b0e751bf,4848.958333333333,805.1666666666666,12.5
5a4306be3d5e1d5481e9237d2d211cb6,5466.191780821918,845.8972602739726,29.023972602739725
5a880bc9cddbb3845438de87f859c360,7205.923679060666,857.5694716242662,13.943248532289628
5ae3c8ba3ae2b9230664674dadf8535a,6218.910852713178,1012.9883720930233,26.550387596899224
5b33db9198566d3fcc5aa0bdeb435d2a,5841.373665480427,832.6548042704626,17.081850533807827
5bc16e27bab01988b2772c014f73bcbf,4758.5,720.9166666666666,17.12962962962963
5bd37993cfff08be940348a466912238,6655.560606060606,892.4040404040404,26.01010101010101
5c00ecb439cd4e2377e9bb3de84b0e74,6582.66,949.36,8.0
5cb230875b1a38b725085246444ffd0c,8149.526501766784,928.0459363957597,10.68904593639576
5ccc0e6dc9c7475caf785cdce7b8eb7a,6913.115342763874,814.3460282916213,18.117519042437433
5ceff5a3983505de6d021403c6975079,8265.28735632184,794.1321839080459,13.721264367816092
5cf93f7d1d3a8f0cf395c84053c31b1b,7937.107142857143,918.2142857142857,12.5
5cfe569d448c9a5e120ce15611e7c779,7620.975308641975,866.59670781893,18.82716049382716
5cff9e4588a1d8b4b0fd703c4720421b,5801.215753424657,845.0513698630137,10.445205479452055
5dd7009f3d7f049d3e38b155ecd3a24e,4762.015243902439,760.6432926829268,22.179878048780488
5e37e705afb774452ab30d20b9561a0f,9613.23076923077,928.4615384615385,5.288461538461538
5e5bfc73736d6aa15ac33ea01d47e5ee,6182.1612903225805,775.483870967742,17.741935483870968
5e6bd3186b283c4e430332e1a3dd1b2e,6280.868365180467,870.0594479830148,15.605095541401274
5ee4b2778c1c130de0c483c663eaafda,7120.394736842105,762.2456140350877,9.210526315789474
5efe1190183936849880ece11b1ece77,8195.317415730337,919.306179775281,13.412921348314606
5f34c8fc5bdd33f14bb71999b8286aef,6595.225806451613,839.9677419354839,11.290322580645162
5f946639378f9e31eee8b927dd743949,6376.133333333333,804.1,15.74074074074074
5fa7a1c16064341eb489982b16858550,8229.304347826086,994.4927536231884,22.82608695652174
5fce375e4e5c673c29e652df1ac0b903,6962.030162412993,934.5266821345708,13.631090487238978
5fcff6005a0b8963eb1aae778ef20ffd,5743.761904761905,891.6031746031746,8.333333333333334
604097f005384ad20d982e7584f27c09,8676.254545454545,756.9272727272727,32.72727272727273
609970e669f2c55d69abc3cb117c47f6,5672.303827751196,827.3421052631579,19.138755980861244
60a524518de0ab4261b0e71ee7011d64,6548.218543046358,1030.390728476821,20.44701986754967
60a5c854c045655abcb37a022e902f76,4606.271428571428,725.5285714285715,20.0
60f73dcab4a99269b597381b4958391f,6720.677018633541,920.7981366459627,9.70496894409938
619fb670865cb3e2583cc22fde1337f1,4993.202985074627,776.3985074626866,23.059701492537314
6241b9c147df1d0c7027321d4e1d53cf,5816.857142857143,794.1125541125541,25.974025974025974
62a95561a6b12acbf809772553ba1462,5036.0842696629215,821.1011235955057,21.48876404494382
62aa54591b22be467c5a36356f96915b,5720.407821229051,947.1927374301677,19.762569832402235
62c83d1a137771a5c82433c8b3f7fddb,5951.375404530744,778.9967637540453,16.90938511326861
630559dc85053c746beafacbd590e8f0,6615.561497326204,785.2967914438502,16.711229946524064
633310975f38cbaf67eb5043b4c6c77c,5913.647368421052,887.0684210526316,14.736842105263158
6455eac21c029b8d93ff09c2dffcea35,15837.405405405405,953.8108108108108,17.56756756756757
646eba049df90f6bca2f51ce20004ac4,7616.839673913043,824.3722826086956,14.673913043478262
647bd8b8b02c285db177096a351f8e2c,6024.411764705882,943.3823529411765,7.352941176470588
6496e639a66891475054d89c73c6999c,11752.079470198676,1015.4635761589404,20.52980132450331
64e245c2e3f5c7658bc062e9840c04dc,6069.361477572559,903.5963060686016,23.680738786279683
654c3e2ff69e4d6c9569212cbaf7af07,7255.295857988166,934.792899408284,16.222879684418146
6580de4a0be125c140c30436c7c2c988,6619.272727272727,831.8614718614718,17.748917748917748
65b885fb53d0d952ed5be174c9c2d76d,5821.818713450292,773.3801169590644,15.935672514619883
65bacc9ccdbaf8341a7232d5cfdbb0bf,6247.204,789.144,9.7
66290b00f9756a4c6808035244a4b9f6,6928.045197740113,859.7824858757062,16.73728813559322
6641cc5d8221699e7db3376fea5587ba,6776.841584158416,761.7590759075907,15.511551155115512
66f7bc876e24e26c5d71cb9a2a0e1222,7237.172307692308,1008.4553846153846,18.53846153846154
67129f4eb32604d9e420da5bf6bb2469,5807.42731277533,912.7136563876652,14.86784140969163
671a36a580dd94c6a80d0dbe7fcaeabc,5962.688118811881,918.7475247524752,10.643564356435643
67771fd10458c38391b55774826e4c34,7145.12568306011,880.2950819672132,17.008196721311474
67f1f6f75e9fbcb288ecd91acb325b27,6559.662337662337,980.7272727272727,8.116883116883116
68278139c792b482fd28d610011a94a0,9136.57142857143,906.5,5.357142857142857
685a660507aba9066865ebfd62c48451,7477.666666666667,892.1212121212121,19.696969696969695
687ab6ec9da9f17ebd4d8665d1988e0f,5909.691764705883,839.8188235294118,16.176470588235293
689bdf87fb2de49f98bf4946cfaa5068,6141.001259445844,730.1964735516373,15.585642317380353
68a84d00f61c9fd6900cd12e662d43fa,7055.3258426966295,823.7565543071161,10.299625468164795
68b546b2f4102641d6774c1ce4f57457,5435.454545454545,910.7272727272727,10.227272727272727
68c4e63e9663a4bd8d4e435601a26a37,7312.847902097902,924.3898601398602,19.055944055944057
691b99ebc7251c00edc12eab9232c0c4,7287.871794871795,733.7435897435897,17.94871794871795
699c387896f72e990239cbee1d81ff95,6332.074803149606,895.003937007874,19.19291338582677
6a0b94ec26ca0805f971c293a9603887,5302.399082568807,768.7522935779816,18.979357798165136
6a190e3b2a68b2822a03fbd698f02604,5917.059574468085,791.1021276595744,19.680851063829788
6a464f9c764040d89517cb5ed9257953,6951.711627906977,805.1627906976744,20.0
6a4c652f46bc14c1c04eff3c67cabac0,10426.806451612903,931.9193548387096,21.370967741935484
6b0ba48a13c721f5fb766339a42d25f2,5509.512893982808,659.8022922636103,9.598853868194842
6b65c06851e944351dd285a1eb729499,7087.972144846796,876.3272980501392,27.4025069637883
6b941e22c8f9b2f159cce49fef9febff,6881.588235294118,834.5490196078431,7.352941176470588
6bc4ee6df691c3bed34c69aa93964ee9,6060.302325581395,845.8604651162791,12.209302325581396
6c0555804ebade45096a199f932e949e,5332.905263157894,645.9131578947369,20.06578947368421
6c1c6b6992a23fe80dc5377cba9cc2e4,5473.007751937985,879.1705426356589,18.313953488372093
6c5370105323176e4e88993943aa5b24,9364.631221719457,899.7443438914028,11.934389140271493
6c56118b534a5b446d1fd0eab7dc9b19,9358.881355932202,882.5593220338983,13.559322033898304
6c9d732cd0560af6e8939ac97bdd78d2,5930.685774946922,716.2611464968153,16.878980891719745
6cb35e276085548f3f095a85aa63af7b,6563.928571428572,959.4642857142857,45.535714285714285
6ccc2af7009dfea4572de788827ac5a1,6859.612903225807,1112.1612903225807,19.35483870967742
6cdff0516a17236168522e0a270f4671,8630.344827586207,841.1724137931035,12.068965517241379
6db38fccb3ac1de3981b701eb5a15d84,9606.622641509433,924.0754716981132,2.830188679245283
6df6c8f8d3c2a93314245a604c02bed1,8816.5625,1019.125,26.5625
6e70c2024934874d052225a4466fb9c1,6198.80985915493,860.3521126760563,12.5
6eb2e0f41fc9f1fbb70e7751035fdf87,6688.142857142857,880.8,4.285714285714286
6eb562641c6e0074c14ac265153ccda6,6442.225,790.725,11.875
6f107d977e357e3d22036cc447b354b0,6413.615384615385,813.5242914979757,27.884615384615383
6f660e81330d77df19d4e3fb14b18730,6194.409090909091,899.3636363636364,13.636363636363637
6f739a076d7ba8ca414334af995fc44c,6501.684210526316,853.2982456140351,10.087719298245615
6f9156b8af78f1e7f4ce971b50cacf29,8755.522727272728,829.5681818181819,14.772727272727273
6ff443616dd01da842095c0939394baf,4592.031609195402,793.735632183908,16.810344827586206
7023bf0fa91bea71ae7bfa2481fb5b90,6674.232365145228,799.0871369294606,16.804979253112034
7062cc9432dba19f5b474be707a73525,8289.12614678899,992.2889908256881,17.201834862385322
706466935b9e1d04e4e116be7ce90ea9,6180.631578947368,767.4736842105264,7.894736842105263
71a4cd7ad9005409dc1bef838b488e6b,5376.9375,787.26875,21.25
72118f61d16a22814cfe01fcffd0659f,7585.082608695652,849.195652173913,14.347826086956522
72741692a0ac3fbd22820b0b278c4040,6115.276223776224,807.3531468531469,14.51048951048951
7287a688775698a457a560e1133aee0a,4776.154574132492,712.9526813880126,15.299684542586752
72ca99bb6667024a23e1f68904b06fd0,9004.701117318436,1014.3016759776536,12.081005586592179
733e0653a13dd43c9b668b1825a2fecc,5661.613157894737,789.1789473684211,19.86842105263158
734e463e87289ed53edf3802a2cda9fe,8025.413043478261,901.7521739130435,12.282608695652174
7419cd5c573ff9994c0f8ff5d92b4408,11851.507936507936,1050.2539682539682,40.476190476190474
7473815d8eb56f765461525f1bf48c93,6924.764705882353,805.5,0.0
7476a4cdfe6cb9587f03db358dff548f,5805.678571428572,1042.142857142857,30.357142857142858
7481015e6b377191f3b1531bc74e6908,5114.027027027027,736.3513513513514,12.837837837837839
74d1c00ab5098202337a91c936b6e080,7093.843853820598,911.9169435215947,15.946843853820598
74de6f7e57690a1687935227360edf7f,7134.924242424242,914.5822510822511,19.534632034632036
750b2b9e0f4caa4539c2553a4d04fb6b,10477.65034965035,1087.5874125874127,17.56993006993007
7553628edc729ab03cedd3ded8de8736,9970.310344827587,953.9655172413793,34.48275862068966
758f6d309376d24b53da45e91cf778cd,7612.438661710037,807.2193308550186,4.553903345724907
7596061dc6e3a61ec35e0307bf423838,7110.901869158878,893.3457943925233,20.911214953271028
75d8798826340198f4fd204ed31336ed,6422.533333333334,954.1666666666666,17.77777777777778
75ff47d4ba4bd4480629671a666500ba,6628.913486005089,834.2442748091603,14.631043256997456
762db27fc4dd1e53dd4fa982ae2162b4,5361.890829694323,816.8165938864629,20.305676855895197
764289a2931fb70d1d27d5603d49edd2,6166.7692307692305,891.5897435897435,3.8461538461538463
766fea0c4f0b265fe9ac9e1e4ec64ad7,6064.338308457712,881.1641791044776,17.412935323383085
7708f393e874acbdd44bbf47c9a328e9,6480.788990825688,700.9633027522935,14.44954128440367
773555b1cf65c9fa882fd9f6c50f44d4,5404.869565217391,724.9891304347826,20.108695652173914
775a910a05bbc12a236ec64d4109c37b,8545.119873817035,985.3880126182966,22.00315457413249
7767360462c03c38f487f16f57b02e02,6366.217391304348,822.8695652173913,10.869565217391305
779747a77c043096f6428413f26d25dc,9149.987234042554,964.5659574468085,17.02127659574468
77c589b9398709f398778a0ff368e00e,5829.438388625593,801.3056872037914,21.50473933649289
785d6109caeb2f53c0628c37b20d91cb,5271.354485776806,997.855579868709,15.481400437636761
787fafc34f07b372b60981ccdc4018eb,7432.027397260274,742.1780821917808,20.54794520547945
793e2072826ee96904a5f03ae2357e96,7164.211221122112,732.2640264026403,13.778877887788779
794a74f41f18a115252fd26bbd16882b,4882.2,903.3733333333333,20.833333333333332
7960373dbd5c93b4a066b352fea600ee,5515.368932038835,796.546925566343,17.39482200647249
798b4cc659c984e8353c7a4f90936df1,7870.4,923.6782608695652,17.5
7a1fd3df8aa8197bdb3be8c5d4ffa92d,5231.5526315789475,759.0263157894736,21.05263157894737
7abb5ee55c03357b69af929f51443bb0,7838.420353982301,739.9734513274336,17.47787610619469
7abb74e551c262a945929b92e0551b04,6204.2522123893805,894.787610619469,12.831858407079647
7ad917215da937eefdf48e3c9d3fcf26,7021.768115942029,907.927536231884,44.44444444444444
7aee4951b59fcd1edda02bbecaa2a717,7061.05,744.625,11.25
7b625f643d0775f0ac4898e33235377b,3298.3333333333335,570.6666666666666,0.0
7b8eaf284addb604039c7e22d23c903f,7456.116935483871,717.008064516129,12.399193548387096
7bb464563d0d43f7f894439d163f4ad3,5795.981818181818,840.8045454545454,26.477272727272727
7c1478b12207107ae4296e656a49d6f6,7497.0,847.4821428571429,6.696428571428571
7c27405cefee2fad79a81a819ca9dbe1,12466.32,917.6042105263158,8.263157894736842
7c4bcea05c14431c65ef1d9cfa20ecb1,9705.132530120482,872.1325301204819,2.108433734939759
7c5fb96792b83b784883812522ce7ef1,9873.422619047618,954.8452380952381,8.928571428571429
7c64b8d49dd5fbe34f44a9b4bae0e7b4,6398.1821705426355,732.2558139534884,20.155038759689923
7c8d33cc16246462e046ed084f7428a4,8576.66796875,913.87890625,18.5546875
7d8627729a14175b1424153ba46d7acf,6170.93,777.035,12.625
7da41cde0e0d0503549eeb7ca5609a9f,8529.923076923076,830.0,9.615384615384615
7dfa12ce1fc9cc58ec34fd66c75b106b,6604.974820143885,776.5035971223022,18.52517985611511
7e335469ce82f86c20d06b06ccfa1da1,5369.158469945355,956.4808743169399,19.53551912568306
7ee801015b6ba9dc0aa2687cb28b8361,8624.7,987.5529411764705,18.08823529411765
7f4350f4a358ac264ccf3b10c4966afc,4843.111111111111,725.8611111111111,1.3888888888888888
7f47fd2db9cfdc30fe46068ad017152b,7349.851063829788,905.7021276595744,21.80851063829787
7fbf2f75f4b2a8ec6312b4bbaa6f83a1,6200.102564102564,835.1538461538462,16.025641025641026
7fc97bb967d4380b38e8490aceb85224,5859.441798941799,854.8121693121693,15.873015873015873
7fcca181f46acfa027ea83c7dc70afa9,5480.837320574163,854.688995215311,23.205741626794257
7ff85c5c0e9324e28d1e0d0589c364bd,8024.0,583.6666666666666,8.333333333333334
8046a7b32ff00f418c1bb410a67adf68,6181.345323741008,853.2997601918465,17.74580335731415
804ea124edb0d6694aa4a3c9eb22a716,5578.7342342342345,845.3761261261261,18.975225225225227
80597153cf2bec000612ba2e45a72d91,6401.168888888889,927.1288888888889,11.333333333333334
80cb80668a3c444e3e8962d1c861b9d0,11475.883720930233,804.6511627906976,5.813953488372093
80f8e8eb5eac6dd41259ccc73993aff6,8273.655172413793,805.2758620689655,18.103448275862068
810c559baf6b5c20dca13b794fb36240,6480.320833333333,810.4541666666667,18.125
818ce9e1cee09531cb20bdffe3f41256,5432.603174603175,794.1507936507936,13.492063492063492
81a65fba6ab7fd7ffa6b18913dac83db,13959.212121212122,1045.4621212121212,7.954545454545454
81fe057f033eeba6b1472a8fce5c1fdb,4974.687258687259,780.4942084942085,18.05019305019305
8224c23bca05c2adb3fdf40752eb1b3c,8335.071633237822,897.2578796561604,14.97134670487106
838495eb3f025e512228480eae127522,4478.808510638298,684.7446808510638,8.51063829787234
83a0efd007f4db8f0b7db5753d80fd87,5324.666666666667,773.2727272727273,6.818181818181818
83ae2db3b59285394e07063a7d0d0512,9347.57142857143,905.9142857142857,17.142857142857142
844d41532242b64d8f19774b6b7f1c82,5845.905063291139,816.3607594936709,17.40506329113924
844e9be5a30d8d9c1f8e9ddb086ff717,6095.522533495737,896.8282582216809,16.74786845310597
849726bb431c44a984e5f0f60923a0ff,8356.12962962963,787.4444444444445,9.25925925925926
84e1a98ccf46774bc4f5c6374079dc07,4537.380952380952,719.7142857142857,16.071428571428573
8506914d35a1146dd602b68a93b5be5a,8785.11320754717,720.3396226415094,13.679245283018869
850de9129410d40c2875418eb40858b9,6469.90625,786.2109375,15.494791666666666
85bfeb44e07b0d4e86c637353080289d,6319.927360774818,855.5254237288135,36.016949152542374
86a1dbd33d3ee6d68caa25966a2868a3,8129.553633217993,936.0553633217993,16.133217993079583
86f580ee80bb5a54e07595410d624108,7451.160714285715,1035.357142857143,22.321428571428573
870a394eb5918690ed6e90f50bfa1315,6480.8125,884.4375,22.135416666666668
876e3742e4165313e3be9ca7ff4e41b2,7695.794117647059,787.0588235294117,15.441176470588236
87b493b5ff1b807c2320801fcd16ac26,6443.555555555556,971.2795698924731,28.942652329749105
881527a718b502bacbd04b6f45fcc2fc,7266.977272727273,733.5227272727273,15.340909090909092
8902cda459f8ac02c38efb2815cf4026,6370.803571428572,922.2678571428571,14.285714285714286
895c14bfd7d1e2c26aee6938703f32f8,5896.866666666667,898.8,14.166666666666666
8969d175c4676642b245af55d2dba19b,7211.758620689655,629.9310344827586,17.24137931034483
89788880a732b675ba9cd9854adcf684,8272.22950819672,951.016393442623,15.573770491803279
89b9947570bc59a6161fb5edea18b852,8086.251046025104,908.8953974895397,11.610878661087867
89dab1d9f815cea34ce3612a6b7c0d51,8451.379310344828,1045.603448275862,12.5
8a64fa582ad5ac3bce95a38756b1875c,7718.587848932677,913.6617405582923,23.76847290640394
8a7d9195606bdc9bd5305f6bb300e1de,10916.666666666666,870.9,18.75
8a86bdb56cb975c786e47cb256838ed6,7134.899253731343,826.429104477612,16.884328358208954
8a965bfa0851de76169b3206709ca943,6483.436548223351,875.1091370558376,14.34010152284264
8b0662c4244f85c5dd7ab46810ca6b04,7970.102564102564,873.0512820512821,22.435897435897434
8b09ef45562214f00e7c11ed16d70dc8,6003.317343173432,729.5055350553506,19.55719557195572
8b688ef44a5b17bd7150350d059e67ea,11635.225806451614,897.6129032258065,2.0161290322580645
8b87786b3a356550a4708f5ab3768792,9869.90625,1109.6875,3.125
8b9b73cd6d63023caa38dbd25c1042cd,5884.05054945055,728.4857142857143,16.428571428571427
8bda575d26a589024a4e62aeba352f93,5566.869318181818,777.6363636363636,12.5
8c0d55bf42d242ac86f43c4031d6371f,5036.916666666667,882.6666666666666,15.625
8c38fce0915fbb7d816e19c3ecda64fb,3933.3225806451615,786.4193548387096,12.096774193548388
8c40d50720fcc5990329f7312d1ad327,13149.511627906977,971.3255813953489,2.3255813953488373
8c9a890f19a0ab28b745246162e449d7,6256.399103139013,857.5381165919282,13.90134529147982
8cd308e28e213e46e87c9dd9c5aa1466,8457.953307392996,930.3774319066148,12.84046692607004
8d3740598109bb310e6244ecc1971a85,10499.681818181818,979.3863636363636,6.25
8d5a99f2032a336a57222948915edf09,5943.866666666667,856.1,9.583333333333334
8da0796b60fa75a5ced6d1c3bf1f3064,5986.7082228116715,866.7931034482758,19.76127320954907
8dbfef11a650dd9658ca0c6f70b84f88,5521.848979591837,778.3102040816326,24.591836734693878
8dc9d28aa6ab0af5dcc98420a9bd65e0,7274.517241379311,854.3931034482758,11.551724137931034
8dfea9e24286290d2f59f5b51f00b6c2,9955.166666666666,907.6666666666666,2.7777777777777777
8eb2f1fd0858319b86b9e44b64660eb6,12641.327272727272,1094.8727272727272,1.8181818181818181
8ef80bf59ceefb3fef9d41a5c66eff35,7616.69825436409,869.9850374064838,19.07730673316708
8f325f86996ff57a0006add6cb623e19,6464.393700787402,869.3110236220473,11.122047244094489
905f8007cd46415eba8b9dce088b4395,7983.459459459459,753.4594594594595,10.81081081081081
909c5d2434d184ad51f2be3ea294efdc,5286.3432835820895,882.7014925373135,17.91044776119403
90a155db6f98de56ed6baaeccb5aafdd,6490.578947368421,1017.3157894736842,19.07894736842105
91278ab4c7170ed070a5cd653cab3d26,6538.225,761.45,6.25
914712bea449e20e1cd2e18c269481bf,5670.343522561863,827.2620087336245,19.541484716157207
915b7e1b8cdd0e1bf9826e8ae91706b4,13647.785714285714,1036.3809523809523,7.738095238095238
922214b02f8dfbde50e8cdaa187dfd47,6235.898089171975,862.6974522292994,18.78980891719745
93337ec6e89c26ff280f490dc3eb9042,6104.059479553904,852.5278810408922,12.732342007434944
93587c4ead63454c615f4651e2841ba2,5850.263586956522,851.6141304347826,13.179347826086957
938ab6fae3230046f163bf2d5a3cd307,5329.601769911505,841.3274336283185,17.699115044247787
93be171268b14a0586c48cb488bbd5cb,7134.265306122449,815.5442176870748,13.435374149659864
93fb5779620ce28dea9cb83cbb25ff9b,13995.651162790698,1095.4418604651162,8.13953488372093
943db956d9c6ccf01435211d99568f15,6575.283950617284,776.1763668430335,19.091710758377424
944e9726e57e8c379049dba4bdabb05b,7246.149019607843,868.2235294117647,17.15686274509804
94699541835b03d2a18e265299c11213,10519.27659574468,1027.8297872340424,7.446808510638298
94731f1d1f9180223445e77690aefc03,4288.267015706806,794.1989528795812,25.523560209424083
9494350df132e6748afca3bc5d138dcc,14929.0,1104.7441860465117,6.976744186046512
94ab22994e3ee32eb32f515563197296,6270.043933054393,918.1694560669456,18.09623430962343
956942174fc793c4bfb6fffc4b3c1c7b,6438.1220657277,725.5211267605633,5.28169014084507
95c1a153c7ec6b5623b8ef298010d2e9,6900.647321428572,1001.0758928571429,28.348214285714285
960ac219e96533486685296bf1464e41,5616.979452054795,804.8698630136986,30.82191780821918
962f9787bc5b8dd06dbc2147c39ae15b,5762.029197080292,821.3759124087592,17.883211678832115
96d7ab03f9156154f6f2144263a85579,5876.880769230769,916.1769230769231,14.23076923076923
96ea72229bb122e6d231ca6103b3c328,11359.78947368421,1022.3684210526316,7.894736842105263
97332a03726c052b1283fdd36dbdeca4,4185.85294117647,791.1470588235294,13.235294117647058
9760cb1c8a14d3fcf527631acabee35c,5630.266666666666,851.7076923076924,23.333333333333332
97c0a0888afa9dcadc73386abcacd350,5719.538258575198,766.9551451187335,13.984168865435356
9835cfed2c02bee16b5f0eeac3b4926a,7248.709090909091,882.9818181818182,10.454545454545455
9857a5bc59036a73f9261ea694bc002a,8095.681632653062,991.5183673469388,16.53061224489796
987c2e7dfc9a93697b8dfd030487ff01,5302.027522935779,826.0214067278288,43.27217125382263
987f45c1c19d83fcf3295828771c10f7,5556.526315789473,779.921052631579,23.68421052631579
98a7f586f974550506502f52e47700f5,10617.037037037036,963.1851851851852,8.333333333333334
98a878a6fe557bf91236e6fc0413faba,7446.674825174825,973.5734265734266,21.153846153846153
99e05511bd051039630e0ee9d311afbc,6807.048689138577,872.1985018726592,17.883895131086142
99e15cb3381c646df2619a95cf805743,9706.113360323887,925.5182186234817,11.437246963562753
9a2b695c70ad62abcb4323d7e9a4b6cb,7123.723404255319,862.1489361702128,7.446808510638298
9a54684a69721c1075c2af5fc077665b,4475.4,779.9555555555555,17.77777777777778
9a575ba0ef2fa36899e6e22e5e1691c3,13365.544554455446,1077.2277227722773,17.326732673267326
9ac5116c46dc8515c0aec6f7153c6440,6051.015503875969,802.3372093023256,29.166666666666668
9b665130b27de44f369a44b2cb752670,6564.333333333333,712.4722222222222,27.77777777777778
9b73a887dab36dc0a53f3308bc278a2e,5657.4187192118225,726.4926108374384,20.19704433497537
9b7b9829183e266882d4815d95357a1a,6244.413043478261,705.6086956521739,20.108695652173914
9c0158ebe58592fdb3d18fb9c4623db7,7898.047138047138,757.03367003367,14.8989898989899
9c5835247a252ab6275775341b502f4a,6823.094420600858,876.0214592274679,8.476394849785407
9c5a3250d9f6e6537b3b076b26ce16cb,5502.996551724138,872.7931034482758,20.17241379310345
9c67faa1ab5de24e6d9c60bf7705f658,6868.263157894737,689.1578947368421,15.507518796992482
9c8968198038d0ce08f8066275480e62,6122.404011461318,895.9340974212034,16.26074498567335
9cb8155c8eac12669e18a89a2971a8d1,8766.55947136564,885.5814977973569,15.088105726872246
9d59581a50c97cf28d30f80cc77dd76c,4769.264150943396,807.1698113207547,19.339622641509433
9da29e218f6be3ea257d35f98eee1088,6447.795665634675,814.6873065015479,21.981424148606813
9dc512e71a0f206687f60b8bfc405050,5633.137931034483,756.7241379310345,12.068965517241379
9ded5e80238ea1cb8e923d3f3b03ccd4,5617.384615384615,868.1282051282051,12.820512820512821
9e003a96a6aa5a9207530767c2a8b310,8091.15625,902.828125,19.921875
9e291e9ae23649f498e166278c16344a,12154.551724137931,904.2758620689655,4.741379310344827
9e5b47cd6f31b05e75e92a427230ebdc,6091.65306122449,905.1183673469387,26.122448979591837
9e9d4402b1038d103b3add7271d9b8ca,6250.745575221239,892.8008849557522,13.329646017699115
9ebbe10ae57214da77ecc43f6a84caf0,6363.643410852713,842.7364341085271,14.825581395348838
9f1b385dd82b5a43f98660a99747e3cc,7325.6713091922,893.4763231197771,19.498607242339833
9fa4b644d8b6ea510119808c37f22223,5591.128205128205,712.6923076923077,4.487179487179487
a0b52413e2eedcc5ca6f31d53ab1a96c,5326.463414634146,725.0731707317074,10.365853658536585
a12d788b7cd01f696bb5ebf28fa739cc,8609.791390728476,879.4006622516556,16.721854304635762
a1a2b1b116fad0bfb521da9cf92df2b5,6688.173285198556,895.4548736462094,12.545126353790614
a21d85d9c18b9589f82a618f0531ecac,4267.454545454545,638.8484848484849,32.57575757575758
a22aad223462e8196b76f259752ccee4,12965.641791044776,985.820895522388,8.208955223880597
a2334fdb829cf96fbae920df0cce1587,4886.84,816.56,22.0
a29c4a86187e6fbbda006264ec424099,4978.9152542372885,728.271186440678,10.169491525423728
a2bdf1915008a135e5ddaf8cf110adf9,7717.625570776256,934.0182648401826,17.922374429223744
a2f170312615f7d2d41b80da4d5d7a72,6295.26267281106,876.6129032258065,18.202764976958527
a324cc0a17ed8b72ef62b06a021224a2,6040.778846153846,754.25,13.942307692307692
a33de78c73e2b157118fc745e8c2214d,8624.410774410775,1000.8316498316499,15.993265993265993
a3ad990f55a0a9862643b87f6d91f9ee,9902.311475409837,914.3934426229508,16.39344262295082
a3c39ee40d7bb0ab8e49efc44cb6735c,7059.830357142857,782.2589285714286,16.741071428571427
a3e28ae11607ad68dedbc2baff2210e2,4875.0344827586205,757.2413793103449,28.448275862068964
a3e6503d6fd14f55f5a7a7e993c06c0b,6047.414893617021,947.6702127659574,22.96099290780142
a4401d3bb25a651812f6781fcce5df77,6368.403298350825,833.9055472263868,21.026986506746628
a4463e077e248abcd96b8ee584e7fec5,7232.696428571428,805.8571428571429,9.709821428571429
a533ee906b3e68bcd03e3e2888a844a8,11298.8125,1026.8088235294117,12.775735294117647
a53de9ae055503d13bbcd6e19c5c311e,5890.931111111111,802.0,17.38888888888889
a5637a20ede3d6cb3be2d52d17d9174b,6271.066246056782,769.8548895899054,18.690851735015773
a60115fe0ec8c0e2d4fb8958a28567f6,6094.727272727273,792.2727272727273,5.303030303030303
a632e60ee41d9aab624a6b7fd6269976,6422.116009280742,879.8677494199536,27.320185614849187
a6505f04908e487e37c61c2a2a582eaf,7329.022727272727,851.2045454545455,10.227272727272727
a69bbe711400a8eaf17206a9d2b4f26a,7681.339285714285,722.2428571428571,15.089285714285714
a6fe0a06612bc9d9fd3f7dc1fd9615f0,6972.623376623376,771.2337662337662,17.288961038961038
a741036dcc0164fabc9155e11816f7c3,6069.971698113208,859.6650943396227,16.745283018867923
a746873c2f5431e9ac8e12c47a104115,7228.013100436681,791.8034934497816,16.812227074235807
a7638b7beea5715330ac956372522b07,5866.871794871795,691.8717948717949,5.128205128205129
a76932dd44cd18504239ca648e9bcde8,5767.34,859.52,21.666666666666668
a7ae2d9768b3eddb584395f2d984b3a2,5839.683467741936,876.703629032258,18.094758064516128
a7fa04a6b4111cac92989ac266ec40d2,8117.966666666666,719.7,7.916666666666667
a84478867f4a6fb6450da1cb47458308,5497.267826086956,889.7217391304348,21.652173913043477
a854b4bcf206030120913620bc664396,5457.231884057971,835.1536231884058,16.594202898550726
a8bf411134a27779046e2f7ed3b2e1cf,9452.142857142857,1015.6571428571428,13.571428571428571
a909251d04212c2b8d369aa619c13ddf,7626.86,830.86,12.0
a95c73a18090636ec3a8033e8a6034c5,5941.860465116279,813.3779069767442,14.825581395348838
a9af04859e568ded6758279d805c56e8,6297.1016949152545,825.8156779661017,23.411016949152543
a9dc82f0789aee809c81669dc768ced0,8577.35119047619,910.4007936507936,19.59325396825397
aab4ab866a771d21006a07cfff585eff,6569.239543726236,870.5817490494296,19.581749049429657
ab76a5e04d9126c2070bf84ac419f80e,5259.4047619047615,821.952380952381,33.333333333333336
abc63585621a8cc49099bc9dde677f27,6786.195467422096,806.2237960339943,18.307365439093484
ac3c378542ada7cfedc24720ef9e3273,5663.659574468085,915.3617021276596,15.957446808510639
ac51126328b559dd3872766d2455bba0,6399.474576271186,960.5762711864406,12.288135593220339
ac986e2a577103efe48b23cd17a4b6ed,6476.285714285715,896.4761904761905,15.476190476190476
acd5d321f5a7e35ccc3bf80a2c744c36,8161.112582781457,973.9635761589404,16.142384105960264
acd7dc6118befb6724aa3752d1cdbea1,11205.957142857143,900.1285714285714,23.214285714285715
ace64b24a38208dc0712bc65314027ac,6074.39,745.215,19.5
acedcaee665d04c791bff1bf848af3a0,8594.57142857143,879.1632653061224,17.729591836734695
ad6a8aef632e7684c3b1e1e9dc0f7d23,8755.673913043478,817.2391304347826,33.15217391304348
add2977c3e55ba8475f60054a75a8b14,9299.444444444445,881.2666666666667,33.333333333333336
ae08f3a379c6069211342d448f74b606,4931.808664259927,923.9241877256318,13.537906137184116
aeda204ee39ccc79f22fe31ed73882ad,4530.153846153846,718.6410256410256,18.58974358974359
aee6c0de9d4b4e14d92bce9e4a352748,6124.018867924528,902.877358490566,21.933962264150942
af39ba3a5cfaddc35f3c1f92bd860ca9,5945.111380145278,859.1138014527845,19.552058111380145
af452fac966efa9d089953c99045bb20,6544.068331143232,837.0210249671485,14.61892247043364
af4bae4a0b7a75194dbd4951c78bb98a,8247.0,779.6923076923077,26.923076923076923
af74473d8f38c0c3e8cba5b72f747281,8686.233333333334,826.0333333333333,9.583333333333334
af8cad352c24bda90b2a5d07e1049181,7567.653767820774,829.9042769857434,17.566191446028512
afb63eff111f81c66cc01a5c9f64f2a2,7536.704280155642,867.1653696498055,16.634241245136188
afc352444f34fc17d988c3fdf916756b,5510.785714285715,878.6428571428571,19.642857142857142
afc7a3f83a5e5cc87136bceacceed8af,8914.11170212766,909.0372340425532,19.08244680851064
b0b60bc559f123caa41ae1e002243c3c,5803.014760147602,898.8782287822878,16.974169741697416
b13f722977cced9ee6d2ad25e8761583,5794.2360515021455,770.4463519313305,21.99570815450644
b14d2355eb3b7daf6b07c44a31fb23d4,5360.6,812.0,10.625
b1adb42b262bed41aeab28e9f6e93633,6295.466501240695,947.210918114144,16.439205955334987
b2b3c6614a4a317bdfb7a57ae8a1687d,5433.42,858.56,26.0
b2d3f2fb171a12cac427107690c10089,11611.934782608696,967.7826086956521,22.82608695652174
b45ebe1ccfcb6c672d19e6ba4a546bf3,6056.843478260869,827.9304347826087,12.826086956521738
b508b23b0c53f5e3ee71562e531a3a25,7440.723646723647,882.0683760683761,21.794871794871796
b5275d250226cf29df0164d0f62d5ba7,5093.73382624769,795.271719038817,23.613678373382626
b572ff3bea0c3095a3a5d24db765dd42,4930.5,668.4761904761905,26.19047619047619
b5b10e1d4132c7c1155f88aa00b9a5c5,6414.197508896797,847.8007117437722,19.61743772241993
b5b1d33f7a438b13f85fcc46cc248578,9408.75,786.5909090909091,7.954545454545454
b5d89a7f152103c9fc981e3990e9fc86,5605.753012048192,776.5060240963855,19.57831325301205
b66734bd849ac838a9c0830878837979,7926.879432624113,907.5921985815603,9.48581560283688
b66b0833b679faefba66e3f1b9eb579b,6519.159090909091,770.6136363636364,6.818181818181818
b6b8068eea005094bf1eeab9c35c9c11,7850.1725,805.66,14.75
b6c8c21a45ce574430158f6230d9e254,5338.861244019139,808.6842105263158,26.913875598086126
b6ec72d2f14dcc90a4e7fd25bd12e9a7,5906.839350180506,911.2960288808664,31.859205776173287
b75fb275f65a39b9ae038a7593d91fcb,5395.249221183801,866.4236760124611,18.613707165109034
b794fc307d1309b3405361f9ea4e8b1b,5336.773584905661,869.3396226415094,19.339622641509433
b7b0b507d966d1e1735ecaaf0c3ed5b6,9867.051948051949,904.8073593073593,6.2770562770562774
b7bd34f3d587ea950dabfd4ac7781f2f,6624.455188679245,878.0070754716982,19.75235849056604
b7de2b55859abf8fb49bf393a5a2816a,9556.257294429708,1108.681697612732,14.920424403183024
b7fbf53260861a5a9022b709abe4d584,5982.136734693878,820.9387755102041,17.857142857142858
b8df3a1ffca045016321353536ac86cf,4949.945945945946,751.5405405405405,10.81081081081081
b93ff367c79f79437eb5b70dc00a33bb,6651.01282051282,908.7649572649573,21.581196581196583
b972617c1e490250b2dbcd3353fd436b,6891.464285714285,864.75,4.464285714285714
b97fd5240666a3c3ded13df9f73ca71d,11219.567567567568,960.081081081081,8.783783783783784
b9912d7f760895a9a5f9e046a70e7d8e,11086.39393939394,1000.9090909090909,7.575757575757576
b9926f42a5fd6cc0c455fe59a21961ab,11229.911764705883,1025.9705882352941,10.375816993464053
ba3a4161ca111c8a2d39a1f1bffd3557,8389.08864265928,865.6980609418282,14.404432132963988
ba5185bc3765e91878ea56a67f156acb,8144.686274509804,950.9803921568628,15.686274509803921
ba78525b3444a3714174f4734720996a,8711.640692640693,872.4978354978355,18.939393939393938
bb2984ebd891be82156fff038a85aafa,7034.411764705882,779.0588235294117,15.441176470588236
bb2993a27d213c0eefab695ef0214fa9,9098.461538461539,760.8461538461538,16.346153846153847
bc8249da3b109151438a85d49300dd0f,6218.561702127659,857.0127659574468,18.829787234042552
bd057e02f75c92917389d90bb215fe91,4499.851851851852,679.7407407407408,0.9259259259259259
bd2433d45fc8dcd1c1d01d9c20ca357b,7403.3963133640555,847.7373271889401,20.622119815668203
bd26a8a5910f6c87aed2fcce32782fae,5040.21875,665.25,14.84375
bd2cf0eb59f96babbb13b724d8d77b12,6347.248148148148,847.1148148148148,25.462962962962962
bd34a715eef595600ffb4f683ca04e64,6467.364253393665,765.9570135746607,10.294117647058824
bd5cea890904311cd874773b13255406,5772.166666666667,941.3,29.166666666666668
bd9366761825d97d4c79c2c61638318b,5262.040358744394,790.5739910313902,16.367713004484305
bdca40c895def7985563060c5dcbd0ca,10537.756097560976,941.9024390243902,21.341463414634145
bde37c58877c64b6ce4b309dc2154bad,6373.388888888889,896.25,13.88888888888889
be22fe5992cb9557d7748113ea1f6057,10840.911764705883,947.7941176470588,16.91176470588235
be34f66b259b110d8908297419741202,8092.903846153846,795.1730769230769,6.730769230769231
bf0a8a6ddc179a9466082343c5862904,5572.439393939394,903.469696969697,9.469696969696969
bf2693c5774a77e478e418119be97c5c,9230.851851851852,805.1111111111111,5.555555555555555
bf87c4b14479e823c1ce554606f6fdd6,5740.010416666667,855.3506944444445,20.48611111111111
c0640121b56458ccc0d2892067bc463b,7925.023980815347,798.0095923261391,17.38609112709832
c07499b5a6f1090f2fb263ec6ac0660c,9935.551446945337,965.726688102894,12.942122186495176
c12c2eb875879488e687111335a12805,14440.52505446623,1032.8562091503268,17.0479302832244
c1909690dc34d322b9483c10cb1a533a,6454.115384615385,916.2653846153846,23.076923076923077
c1d662bc81ade6c9a1ec161b3076b27e,5643.885436893204,810.7611650485437,18.446601941747574
c1e9b11fb4591a922e98ed4c46063b6a,6520.931707317073,840.7243902439025,20.670731707317074
c284230ecd0f82b79b99e8326bc62c6b,5442.752427184466,938.1990291262136,16.990291262135923
c2e123c15f4adcc7edf268069640bf82,8600.440366972478,854.6880733944954,18.34862385321101
c468a648519cd42da75e6aa9dadf733e,6434.327683615819,856.3870056497175,10.663841807909604
c56b62b863a81370827e04d2c0a669a8,8681.75925925926,1004.3888888888889,17.59259259259259
c5f1c362617932134aaf950f537061d4,7248.2807017543855,966.0233918128655,26.461988304093566
c64e642876910be4a1f0b57404dc9710,6262.222222222223,675.7460317460317,13.69047619047619
c6ea9e05de9e221aed059ccc8ad5f6bb,6906.696581196581,754.3760683760684,18.055555555555557
c7de222dc1b99eddaa9a665687b94dc3,7399.452830188679,883.0566037735849,12.264150943396226
c7fa83cac784c0f6225cfe30bb96572b,5547.878048780488,812.3170731707318,28.048780487804876
c826130d392023b4c535431e2616e88b,6728.209302325581,798.8372093023256,2.9069767441860463
c8932c12e8ac6691d5c7c27ba8ecb967,6462.805389221557,806.811377245509,18.338323353293415
c8b0c99b2c6537769427fe4eec396e55,6820.408163265306,765.5663265306123,15.943877551020408
c8f03786f7e1b205a9d38722fc3651e6,5208.02131147541,781.6245901639344,20.5327868852459
c95b96b3d38fbf45da2bc43db49861c5,6924.510373443984,879.5726141078839,21.78423236514523
c95f5d4bedbea37cf208fc3e70e7e75e,6146.348017621145,821.1453744493392,18.722466960352424
c97e3d0c075030df5478bf3e679f97bd,10100.301818181819,897.4836363636364,11.454545454545455
c97fa24cacdc7b092c81d9556d4a3aab,8103.879598662207,887.1571906354515,13.545150501672241
c9b9fc54bf7c8edcbe35b1091f38cf0f,13281.155172413793,1173.1724137931035,18.96551724137931
cacd66f64a54dca26e17f19a6344c369,13064.714285714286,994.0428571428571,9.642857142857142
cad3107b4ec2400c662cd8eab4e20026,7937.238578680203,716.7614213197969,10.786802030456853
cada138c65391fd98c1835e5c518397d,4692.784615384616,792.4461538461538,7.6923076923076925
cae89a5674ccf4bb1a78708926697f8b,5293.811518324607,836.062827225131,21.727748691099478
cb5ecf234f7492c867bfa875a2c677b5,5427.358974358975,812.0,6.410256410256411
cbba49117a03fd2f578022eab904dced,7234.839805825242,984.6383495145631,14.441747572815533
cc2186bc2bd14948eb9b490d14fcd686,5691.074074074074,915.7777777777778,14.814814814814815
cc5b9b32417adab54115cc8eabc5695d,6756.088235294118,931.6470588235294,8.823529411764707
ccf0631bc6ad481b3d7becb69564f61b,8631.0,1035.9142857142858,32.857142857142854
cd970d2e7d3034e5946e71db0b4869c5,6951.782142857143,841.9125,14.732142857142858
cdab4b0c1ece5d2bc1d671ef6bf21382,4822.607142857143,695.8571428571429,15.178571428571429
cdca9a75635698b016fdb75f95f561c0,6088.142424242425,878.9848484848485,14.318181818181818
cdfff0fd9f4511931eff58f549fffc12,6146.425093632959,842.0318352059925,18.117977528089888
ce577ac73e9022772835abf8d37e91d5,5790.132075471698,537.7924528301887,10.377358490566039
ce5b4b1624afd0dd514e8997a2a1ff1d,11134.225806451614,1036.741935483871,8.064516129032258
cea2a4389f823240e8dfbc3ea95e42f0,8095.258064516129,1088.0967741935483,3.225806451612903
cf27028c2fe4a9fe00795d0d4dd23a18,5247.705218617772,734.9816643159379,21.89703808180536
cf6f95dab8e87ebc3405e8b6fc02137e,8420.462365591398,856.7025089605735,23.02867383512545
cfa62004631bfdbb0d9f842d69cc502d,5143.627516778523,877.7248322147651,20.973154362416107
cfa9233eafdbccac8d2a864b0df390d4,8516.888888888889,1025.962962962963,3.7037037037037037
d093196b2758f39a4548faed9e365d89,10204.258953168044,946.2341597796143,21.90082644628099
d0f374c7d36c93ba0772626d4c4e6f7a,6658.9655765920825,780.7659208261618,16.824440619621342
d10939533de03edcee8fb76f154ec7dd,6374.897959183673,673.5816326530612,16.3265306122449
d1576672b9ddf17e405ad295e66048ba,4320.517241379311,798.551724137931,24.137931034482758
d1b2185245eeac47821e98471c915947,8442.33962264151,723.8301886792453,9.433962264150944
d24b6bd5ea3a12b2b58fb61a02cf2033,7157.257425742574,700.0990099009902,16.08910891089109
d27b078b9f801a979bda2687ef91159a,5573.078947368421,807.6691729323309,18.60902255639098
d28f88b9d68ac9a2c0586728bdc91bcf,6878.185185185185,844.7407407407408,15.74074074074074
d2fe91351bb890ca8ea9b76201b05964,7261.232558139535,939.2790697674419,21.511627906976745
d3121b735af2bb94568c8070aaf05110,5631.704545454545,736.9128787878788,18.181818181818183
d31eded9263eab43f614eecc6a52a0f5,4981.9473684210525,751.0526315789474,11.842105263157896
d34ffb8bf5e81e6f07230ca894e05056,5193.702127659574,886.1914893617021,15.425531914893616
d3c733b0600efac9cb697d6cd63632d0,5532.672727272728,750.3090909090909,19.09090909090909
d42d0642a28cb2d7415bc7176fdfcb9c,5458.139784946236,909.9408602150538,28.897849462365592
d4468a149e2744ff72d5d15ada286abb,6586.448275862069,752.4137931034483,7.327586206896552
d46c4b19c19ee6403fd41ec273433e1b,5689.636363636364,702.0545454545454,26.818181818181817
d4867a7af060ee2a814c6be63b48473a,5089.7172619047615,817.0714285714286,30.05952380952381
d499ea144d46d394e7ece7dc53e9fd41,7074.878136200717,801.7204301075269,14.336917562724015
d4aa396834f13300174eabfaf0b40b50,6363.1875,815.0,13.020833333333334
d4eaaf54bb4d9446ec26ce36f33ef94f,6645.4838709677415,1010.483870967742,25.537634408602152
d500e63eb4adbab2fb34140565ae4d20,6594.653846153846,1078.7222222222222,24.786324786324787
d54674169d8b98851d54d79405c5d261,7318.646907216495,898.6159793814433,18.75
d58da3a308969a240b92f7321d1a435a,6862.6164383561645,778.2191780821918,18.15068493150685
d60d9f944d86cc7539bb6b7a11646149,6098.917808219178,799.8858447488584,18.949771689497716
d6277e6596f855c87627312e947e4f9c,9700.924107142857,1000.3571428571429,22.321428571428573
d6758947058995dbeeabc5e812c00cea,10471.731914893617,906.3617021276596,21.06382978723404
d74e4db8b87331ddc69fabacbb2d6219,11253.616279069767,1007.5232558139535,9.593023255813954
d787d7b7e3798edd7498b9cbd9b59206,6385.934782608696,716.8913043478261,10.326086956521738
d7ae05b007ca320a0d1fb128ccced638,6472.729166666667,936.3708333333333,21.458333333333332
d7e035984d4fba2d14bc37f1992a061f,8022.589743589743,707.7179487179487,15.384615384615385
d7ecbe31d65faefa7c5314baafd6c4ce,6893.333333333333,752.8377192982456,11.074561403508772
d876df0212e45f5a630b89f5a04532fa,4180.62962962963,762.074074074074,6.481481481481482
d952de85df73349f0280fbb2345148ae,7031.541666666667,850.9583333333334,19.791666666666668
d967f5296732fa55266b5f1314e7447b,7618.620137299771,871.395881006865,16.189931350114417
d9b4803fb9c57a061205f7376aed60a5,15274.74074074074,1048.1851851851852,8.796296296296296
d9ef4b835e202c9b24315b999894362a,17994.0,1558.2083333333333,28.645833333333332
da2cb240a26a6b4352736b28c818e16c,6189.926829268293,855.5121951219512,12.195121951219512
da3325f424c71942ca8a3401615a0e6c,5308.318181818182,766.7727272727273,5.681818181818182
da436a25d31e42fa12c800bacf3d8032,4732.56,759.78,21.5
da8f13b0ebc53fe1147d982f087b5806,8557.232558139534,965.8837209302326,10.465116279069768
da984ad859c4b4349544b580d532ec5a,7022.053691275168,861.5838926174497,14.261744966442953
daddf0bdb8874309dd07bd9d91396166,5691.111111111111,624.5925925925926,19.444444444444443
dae249fc394c9bdf02f7d8bb1ff55733,9342.616666666667,857.3833333333333,39.166666666666664
db63522a6a88af9b817df48e3f6bad15,8019.820796460177,843.6924778761062,16.5929203539823
db7c0ac33a29d594d031b1165ae3203e,6350.6875,675.34375,15.625
db9cf75a3edf5b1d38fdf560682cec48,7537.5,867.751677852349,9.395973154362416
dc39121d4440ef9d34bb2cfac0f1bf2f,7377.073846153846,828.2584615384616,5.923076923076923
dc5fe88ac0b99e77e8630795cfc16981,7369.655913978495,845.239247311828,19.95967741935484
dc9a5809e396367a5a0767ac9226a64f,8902.85294117647,667.6176470588235,5.147058823529412
dca7c0d776c64df418bf3b63756927c2,6248.982758620689,732.7586206896551,15.948275862068966
dccfed81fccb496e10c26074253a1330,7468.04743083004,857.99604743083,19.565217391304348
dddf432269175b67f5d9c55c3b36bdef,8393.83193277311,898.2983193277311,9.453781512605042
ddee9dcc776c7b87e68628ffa0f99dc7,8780.022727272728,897.4545454545455,11.931818181818182
ddf9fad53fff9a2f2ded181e1144b47f,6491.351351351352,590.8378378378378,4.054054054054054
de0746635475c2be3d26489184659460,8435.896551724138,952.5034482758621,15.0
de5fed97bda5c8aeca0d5c6a47f2deec,8326.900862068966,835.0689655172414,13.793103448275861
de9e048c789a0ddc487baae5929f51f9,6406.97833935018,685.5812274368232,12.364620938628159
ded0963ff2f6582b382b72de6f123a08,5711.457219251337,803.7727272727273,15.775401069518717
df11122e91571fcd91143da33fd3542a,6497.151515151515,1025.2424242424242,25.0
df9ab418e87b21319bdfe389a4552e08,6102.300733496332,930.1735941320294,20.232273838630807
dfe29c1db80f470f4fa8046bc7e5d8a0,7130.207547169812,769.8867924528302,13.20754716981132
e02f0f208e1f02b7672ff2ed8bd1bcd3,6131.0597609561755,862.0358565737051,20.219123505976096
e0449ff246754057062a6331c7a7b661,7880.522727272727,886.6363636363636,11.363636363636363
e0493acb44c53e68e3c3aca626cd466b,6253.795454545455,827.7272727272727,18.181818181818183
e065a88039052c0f4e552886fab4d99f,5915.580357142857,862.6473214285714,20.758928571428573
e08a1154c61bfa0adb7a029eed7df122,11911.704545454546,945.4318181818181,11.931818181818182
e0a98706329350c48ea450d1705bdd86,7254.625,796.3492063492064,9.077380952380953
e0e3594e7d43742458a79799c7a5dd6c,6211.510373443984,942.5560165975104,15.04149377593361
e0e76adfaac64932530b49127890139c,5628.846560846561,815.2275132275132,17.724867724867725
e11f7f6ff4ab937734f12cb191e6e802,9038.298507462687,834.5895522388059,11.194029850746269
e121472f6b4dd372dfceb87c7e30cbac,7273.473684210527,1069.4473684210527,10.526315789473685
e127911975277f6b07fb2521647e1031,8384.64406779661,973.6949152542373,16.52542372881356
e1970a13e4fbb03fee21f66f7a97f5eb,6051.968,771.196,15.5
e1b7e1ea030de78f88501a832cb007b2,6863.63524590164,796.7131147540983,10.55327868852459
e1d2df8059744cac678fbdc113e9e697,6504.8490566037735,704.7358490566038,18.867924528301888
e225e4363d4ef824640866378d49a878,11517.012345679012,953.3786008230453,13.477366255144032
e246b5012a29db02ad24ce4b7e332b9b,3561.766666666667,740.3333333333334,13.333333333333334
e253f0cb570353173a73119dcc0e54d2,8936.135220125787,914.933962264151,21.22641509433962
e26a411f427d8387e1244ece6053c940,10531.767857142857,848.7857142857143,14.285714285714286
e2a1e26496e225c524183089daf75c3a,5379.440677966101,651.6779661016949,25.423728813559322
e2dc374288c7edd10ce6647a8e6ae548,6667.8,1073.7714285714285,24.285714285714285
e31ae4a7e10b56e18f3f988fe48acbcb,7446.198198198198,825.6981981981982,15.878378378378379
e3306c36e5fe929405591869e0ee98d5,9771.04347826087,1007.3913043478261,18.47826086956522
e33e7bd3f983ccbc3014e3689b1062f7,5627.25,722.75,13.636363636363637
e35d490b495edf857a448653e036bd44,5318.617647058823,856.9117647058823,16.91176470588235
e38156350137c3a0df6b4b43c002ce0b,14031.927272727273,1194.8181818181818,10.727272727272727
e4038e6006053cadf0bb2f8795e6c9eb,5767.228155339806,737.1844660194175,16.74757281553398
e45936982498bfe7a8fcfef62bf1edc8,6039.107142857143,715.6785714285714,12.5
e4f3a9d5cf57b9b518136afd9757f76d,3600.0,657.53125,2.34375
e58dab18de6e4134d8b232e57ce1d86e,5841.687272727273,898.44,24.272727272727273
e610084768b3d8313be3a7dd22e5e5e7,7533.644444444444,784.2444444444444,0.5555555555555556
e61357801b8cc7a4b40cf736e6890972,5233.972173913044,745.5026086956522,17.91304347826087
e64f09e2fba9abd0daf0668bbcd7ae97,8068.486486486487,937.972972972973,16.89189189189189
e67fc482899bea76fa32d6274607140d,10963.615384615385,786.974358974359,16.025641025641026
e680a2b4ece6a7010a4451601d73aa62,15436.325301204819,1083.0963855421687,11.144578313253012
e72a4e847306ddfd0540d630c79b33e4,5361.466666666666,776.4,35.833333333333336
e7577eb70009e856eef044a8545703e9,7573.635714285714,774.1142857142858,9.285714285714286
e76529a86a5efc221a88a6c91a75ea59,6288.812720848056,760.9893992932862,17.402826855123674
e8b60c6f666907603bb5d70aa8cc6c80,6168.855711422846,865.6533066132265,13.47695390781563
e8d73d55baeb522ef8843cb54cd08df0,7328.688796680498,1049.3817427385893,10.892116182572614
e8efeab7179493aca6effda3bf21833e,5854.202127659574,829.2287234042553,19.680851063829788
e91240606aaab23860bfba718c858d30,6029.567346938776,792.734693877551,13.26530612244898
e9555a277c135c402a14d12b819de1aa,5059.317757009346,794.8691588785047,23.598130841121495
e9651415a968663e49b62c29e5d89137,5651.858974358975,728.7735042735043,17.307692307692307
ea1f8d9a6f34043a8e8a3f78dbda7f9a,4788.878787878788,865.4935064935065,17.965367965367964
ea71f79a86672486e018deeb47a545ec,11272.416666666666,878.2638888888889,13.194444444444445
eb48fcd046d9d869a6c6eccd90392480,6043.907949790795,932.2050209205021,23.01255230125523
ec1637dbd16bb38ec0b5a93c14373364,9634.931034482759,958.5172413793103,17.67241379310345
ec27575c98217627a852f24fe4233e5d,5103.166666666667,664.6491228070175,21.49122807017544
ec78920915122cbe500fcb475a8fb5d3,5691.4884393063585,792.6098265895954,20.447976878612717
ec91bf40df64a813b83c67f46118de37,9826.600619195047,997.0495356037152,15.557275541795665
ed0c7d2a0d5f60d527c0c3643495ddca,11353.913793103447,846.6896551724138,5.172413793103448
ed1aeb39f5da7d42d10a92653319b951,5167.077272727272,785.0636363636364,18.636363636363637
edc891e47623366a2aaa2b1a32ae1fa1,8934.69014084507,899.3802816901408,5.985915492957746
edca8abe7dd3a699bde27f9241e73dda,6984.740740740741,879.6666666666666,13.88888888888889
ee8b2edb7ef82ae69ccc57bba1889a40,6894.169966996699,775.2029702970297,13.201320132013201
eeb00fe9de3e348006f6f7128e6cf4e3,6207.138461538461,969.7807692307692,21.346153846153847
eece82fe623b4bb335a9b9e20eb0ca54,6160.342175066313,791.9416445623342,18.63395225464191
eedb2d3b82cd4276804c339cae45fef4,7268.8,866.1,14.891304347826088
eef12344364d2a2e1e2d581287cf9cd8,8466.115015974441,804.4952076677316,15.415335463258787
eef2e2ad223c5c824565b3d98086e7fc,5592.131639722864,823.5427251732102,21.651270207852193
ef3970fc96947901f21cb6dff853b8a8,6041.370689655172,801.3994252873563,24.49712643678161
ef3e90cd957439dcf1a2afcfc4b0cad7,5917.041338582677,783.2657480314961,21.948818897637796
f0124196d19be156b58f64700fdac7e0,7030.361623616236,1005.7416974169741,10.424354243542435
f06398053a230bf914041eb897dc8d62,6626.530612244898,922.9387755102041,14.795918367346939
f0df79d10df44f18742682108b17f60a,10748.076923076924,785.6153846153846,4.8076923076923075
f11a3563481c7bad15284e092daeb35f,9161.40404040404,941.6767676767677,9.343434343434344
f129b4923a3e5d5f676a592a8e4b7efd,5587.977777777778,774.9111111111112,22.22222222222222
f14169430d2a1ccb92266e8fb27b5bb7,7272.485893416928,857.5485893416928,14.341692789968652
f17cfca756365f6863a241ea96ab9f75,7748.017421602787,882.8815331010453,14.634146341463415
f193cf4d5de76b20688d759ea7c66312,5316.104795737123,855.4049733570159,22.424511545293072
f1a2419d56c2a09edf4030caeebeb5b6,7238.1875,1010.875,3.90625
f1b4411717c78f67380366c2a16a4d1e,7910.317073170731,805.6829268292682,2.4390243902439024
f2a9db857bbd5fe385ed59d8f2e89621,6989.0641025641025,789.5128205128206,13.541666666666666
f361a3fa16afe27881749786b103ae25,4822.211267605634,719.5492957746479,12.67605633802817
f395649fb47860aebc4817c7a6ea90e6,5049.106382978724,872.1063829787234,22.872340425531913
f467b8de5a37d9a818c0cbb557089c55,14984.241379310344,1299.551724137931,18.96551724137931
f4b761ebd4f310f03e5e7f79b925ef4f,6950.034146341463,937.9829268292683,20.914634146341463
f54b6feed73d306d44d8fba250bafea8,5639.912735849057,798.6155660377359,18.278301886792452
f5efba2f8019f9eff955fa20312d0639,6414.635416666667,769.5677083333334,23.828125
f696de645de36b56677457d2d3136524,7504.827586206897,926.9310344827586,21.551724137931036
f758703e18f588f2370783f8b779e664,6926.8387096774195,800.6451612903226,12.903225806451612
f7858e1e354a9fa26b3055bc12a4ee5b,7626.607476635514,1003.5934579439253,10.80607476635514
f86eb77e1cefe28e9f0e9d3775fae261,7641.82,842.1,9.0
f91254f1c1b3112ef3464e477d23c9e8,7119.6551724137935,760.2068965517242,35.3448275862069
f98673773627b4b8d152e2b168b85bb2,10738.657142857142,993.8,10.714285714285714
f9aa6d69d74e786544027a1ab3049f44,5189.6575,825.96,26.9375
fac81ea6cbd540c89c7eee17e851a233,5164.8,665.08,9.0
faebff3d5429ff2036c125a91df765c8,7985.541666666667,716.0,1.5625
fb83fc6555a4f700fd92630d9fcb9cea,10943.24,987.18,17.5
fb903879c556260ae2604ae0c45cb92a,8865.935779816513,951.9816513761468,21.44495412844037
fba8372d56b91b1bff7b71d970b5af58,9318.927710843374,986.1325301204819,9.63855421686747
fbe0433e5b1a3db9dc9d6ed21efc6148,10706.790697674418,962.5348837209302,25.0
fc3504d2efaaaa976a33b3c856927155,9939.050458715596,957.6559633027523,8.142201834862385
fc83b793850ea70d9e898afd0b3ef592,7621.436734693878,882.5918367346939,17.653061224489797
fd2130d0d215069168dc2f79c1f5ae44,6968.861027190333,780.4018126888218,18.80664652567976
fd39748ba122e84e9ac492e6fb7c7a05,5647.885448916409,806.8916408668731,16.95046439628483
fd831ca1d79ae5c6fc3a679a22e5b8cf,3998.0526315789475,664.1578947368421,21.05263157894737
fda96e6cd3395dfae3e59cd4ac95f7d7,7215.165829145729,938.3517587939698,24.623115577889447
fdbee494c73577d5b1266d1fec5c6c9a,8116.723404255319,741.9148936170212,8.51063829787234
fde60697758e68d617f471e49f65db75,7277.875,684.5,17.96875
fdff1a7205bc3b9ab1dc5dc223782fc5,6929.293203883495,788.073786407767,9.466019417475728
fe35f74209d1056dd315ddb17681203d,5393.149289099526,834.0616113744076,15.28436018957346
fe469488a23d4bdda47b83a659dcc103,6187.027681660899,740.1487889273357,16.782006920415224
fed19d671569afe8a2f9fa0953dd25ca,7647.69696969697,865.8484848484849,21.96969696969697
ff1bb46e6b61766f4c7b9abd0a4ef9ac,8232.972972972973,782.7297297297297,12.33108108108108
ff419a3476e21e269e340b5f1f05414e,8274.380165289256,1017.801652892562,12.809917355371901
ff45a18cae7bed6538847cb36e2a3975,8857.925373134329,829.4477611940298,5.597014925373134
ff714a67ba8c6a108261cd81e3b77f3a,5844.876288659794,912.3546391752577,17.783505154639176
fff482c704d36a1afe8b8978d5486283,4982.685714285714,791.2285714285714,5.0
fffecccc49436c5389075b13209f0dfa,7204.21921182266,871.8571428571429,29.679802955665025
ffff51a71f2f185ec5e97d59dbcd7a78,7187.933333333333,814.0636363636364,20.075757575757574
